Entity,Code,Year,Low-carbon energy
Africa,OWID_AFR,1965,2.0275574
Africa,OWID_AFR,1966,2.164695
Africa,OWID_AFR,1967,2.2395184
Africa,OWID_AFR,1968,2.491046
Africa,OWID_AFR,1969,2.8477798
Africa,OWID_AFR,1970,3.3067462
Africa,OWID_AFR,1971,2.9541934
Africa,OWID_AFR,1972,3.1861603
Africa,OWID_AFR,1973,3.1021366
Africa,OWID_AFR,1974,3.3710659
Africa,OWID_AFR,1975,3.3602982
Africa,OWID_AFR,1976,3.4375422
Africa,OWID_AFR,1977,3.5866058
Africa,OWID_AFR,1978,3.4744713
Africa,OWID_AFR,1979,3.407058
Africa,OWID_AFR,1980,3.071266
Africa,OWID_AFR,1981,2.82808
Africa,OWID_AFR,1982,2.6459055
Africa,OWID_AFR,1983,2.301223
Africa,OWID_AFR,1984,2.7726166
Africa,OWID_AFR,1985,3.1058161
Africa,OWID_AFR,1986,3.7706473
Africa,OWID_AFR,1987,3.1883876
Africa,OWID_AFR,1988,3.69695
Africa,OWID_AFR,1989,3.882395
Africa,OWID_AFR,1990,3.495656
Africa,OWID_AFR,1991,3.7256362
Africa,OWID_AFR,1992,3.5729237
Africa,OWID_AFR,1993,3.286702
Africa,OWID_AFR,1994,3.4739528
Africa,OWID_AFR,1995,3.646151
Africa,OWID_AFR,1996,3.7259946
Africa,OWID_AFR,1997,3.803534
Africa,OWID_AFR,1998,3.9965677
Africa,OWID_AFR,1999,3.9352329
Africa,OWID_AFR,2000,4.090023
Africa,OWID_AFR,2001,3.9287193
Africa,OWID_AFR,2002,4.132503
Africa,OWID_AFR,2003,4.106751
Africa,OWID_AFR,2004,4.07218
Africa,OWID_AFR,2005,3.838211
Africa,OWID_AFR,2006,3.8044434
Africa,OWID_AFR,2007,3.7989452
Africa,OWID_AFR,2008,3.814406
Africa,OWID_AFR,2009,3.955081
Africa,OWID_AFR,2010,4.101379
Africa,OWID_AFR,2011,4.099977
Africa,OWID_AFR,2012,3.907553
Africa,OWID_AFR,2013,4.0750375
Africa,OWID_AFR,2014,4.384484
Africa,OWID_AFR,2015,4.523456
Africa,OWID_AFR,2016,4.6860056
Africa,OWID_AFR,2017,4.828082
Africa,OWID_AFR,2018,4.800042
Africa,OWID_AFR,2019,5.036593
Africa,OWID_AFR,2020,5.4543676
Africa,OWID_AFR,2021,5.290253
Africa,OWID_AFR,2022,5.382488
Africa,OWID_AFR,2023,5.6050673
Africa,OWID_AFR,2024,5.6708207
Africa,OWID_AFR,2025,6.147807
Africa (EI),,1965,2.0275574
Africa (EI),,1966,2.164695
Africa (EI),,1967,2.2395184
Africa (EI),,1968,2.491046
Africa (EI),,1969,2.8477798
Africa (EI),,1970,3.3067462
Africa (EI),,1971,2.9541934
Africa (EI),,1972,3.1861603
Africa (EI),,1973,3.1021366
Africa (EI),,1974,3.3710659
Africa (EI),,1975,3.3602982
Africa (EI),,1976,3.4375422
Africa (EI),,1977,3.5866058
Africa (EI),,1978,3.4744713
Africa (EI),,1979,3.407058
Africa (EI),,1980,3.071266
Africa (EI),,1981,2.82808
Africa (EI),,1982,2.6459055
Africa (EI),,1983,2.301223
Africa (EI),,1984,2.7726166
Africa (EI),,1985,3.1058161
Africa (EI),,1986,3.7706473
Africa (EI),,1987,3.1883876
Africa (EI),,1988,3.69695
Africa (EI),,1989,3.882395
Africa (EI),,1990,3.495656
Africa (EI),,1991,3.7256362
Africa (EI),,1992,3.5729237
Africa (EI),,1993,3.286702
Africa (EI),,1994,3.4739528
Africa (EI),,1995,3.646151
Africa (EI),,1996,3.7259946
Africa (EI),,1997,3.803534
Africa (EI),,1998,3.9965677
Africa (EI),,1999,3.9352329
Africa (EI),,2000,4.090023
Africa (EI),,2001,3.9287193
Africa (EI),,2002,4.132503
Africa (EI),,2003,4.106751
Africa (EI),,2004,4.07218
Africa (EI),,2005,3.838211
Africa (EI),,2006,3.8044434
Africa (EI),,2007,3.7989452
Africa (EI),,2008,3.814406
Africa (EI),,2009,3.955081
Africa (EI),,2010,4.101379
Africa (EI),,2011,4.099977
Africa (EI),,2012,3.907553
Africa (EI),,2013,4.0750375
Africa (EI),,2014,4.384484
Africa (EI),,2015,4.523456
Africa (EI),,2016,4.6860056
Africa (EI),,2017,4.828082
Africa (EI),,2018,4.800042
Africa (EI),,2019,5.036593
Africa (EI),,2020,5.4543676
Africa (EI),,2021,5.290253
Africa (EI),,2022,5.382488
Africa (EI),,2023,5.6050673
Africa (EI),,2024,5.6708207
Africa (EI),,2025,6.147807
Algeria,DZA,1965,1.6632121
Algeria,DZA,1966,1.2183489
Algeria,DZA,1967,1.4938946
Algeria,DZA,1968,1.9252338
Algeria,DZA,1969,1.099513
Algeria,DZA,1970,1.6281232
Algeria,DZA,1971,0.8442696
Algeria,DZA,1972,1.133264
Algeria,DZA,1973,1.4523256
Algeria,DZA,1974,0.8578386
Algeria,DZA,1975,0.4704007
Algeria,DZA,1976,0.47823453
Algeria,DZA,1977,0.29993474
Algeria,DZA,1978,0.22148938
Algeria,DZA,1979,0.19666049
Algeria,DZA,1980,0.14549366
Algeria,DZA,1981,0.1706533
Algeria,DZA,1982,0.19379005
Algeria,DZA,1983,0.08687398
Algeria,DZA,1984,0.17430766
Algeria,DZA,1985,0.24747889
Algeria,DZA,1986,0.09025228
Algeria,DZA,1987,0.17558579
Algeria,DZA,1988,0.059987474
Algeria,DZA,1989,0.076190226
Algeria,DZA,1990,0.0428967
Algeria,DZA,1991,0.094054446
Algeria,DZA,1992,0.06221911
Algeria,DZA,1993,0.11873362
Algeria,DZA,1994,0.055040475
Algeria,DZA,1995,0.061707254
Algeria,DZA,1996,0.04359613
Algeria,DZA,1997,0.025192047
Algeria,DZA,1998,0.06982147
Algeria,DZA,1999,0.065265566
Algeria,DZA,2000,0.018009607
Algeria,DZA,2001,0.022209402
Algeria,DZA,2002,0.017710602
Algeria,DZA,2003,0.07877091
Algeria,DZA,2004,0.07185687
Algeria,DZA,2005,0.15203837
Algeria,DZA,2006,0.057441756
Algeria,DZA,2007,0.05660944
Algeria,DZA,2008,0.066896
Algeria,DZA,2009,0.07629734
Algeria,DZA,2010,0.041511696
Algeria,DZA,2011,0.08540877
Algeria,DZA,2012,0.082005106
Algeria,DZA,2013,0.023772411
Algeria,DZA,2014,0.043405507
Algeria,DZA,2015,0.03597226
Algeria,DZA,2016,0.054515645
Algeria,DZA,2017,0.092962354
Algeria,DZA,2018,0.10921303
Algeria,DZA,2019,0.11210864
Algeria,DZA,2020,0.11460701
Algeria,DZA,2021,0.096783996
Algeria,DZA,2022,0.09288643
Algeria,DZA,2023,0.09609154
Algeria,DZA,2024,0.089832805
Algeria,DZA,2025,0.08643252
Argentina,ARG,1965,0.37565267
Argentina,ARG,1966,0.368506
Argentina,ARG,1967,0.36667562
Argentina,ARG,1968,0.41844591
Argentina,ARG,1969,0.36276567
Argentina,ARG,1970,0.49298182
Argentina,ARG,1971,0.46405134
Argentina,ARG,1972,0.46030697
Argentina,ARG,1973,0.81395364
Argentina,ARG,1974,2.0658197
Argentina,ARG,1975,3.3129601
Argentina,ARG,1976,3.1432083
Argentina,ARG,1977,2.5370247
Argentina,ARG,1978,3.8886251
Argentina,ARG,1979,4.19448
Argentina,ARG,1980,5.0737543
Argentina,ARG,1981,5.4525194
Argentina,ARG,1982,5.41117
Argentina,ARG,1983,6.412561
Argentina,ARG,1984,7.5467153
Argentina,ARG,1985,8.615125
Argentina,ARG,1986,8.243041
Argentina,ARG,1987,8.518124
Argentina,ARG,1988,6.4768314
Argentina,ARG,1989,5.787377
Argentina,ARG,1990,8.364835
Argentina,ARG,1991,8.068808
Argentina,ARG,1992,7.824949
Argentina,ARG,1993,8.906801
Argentina,ARG,1994,9.393297
Argentina,ARG,1995,8.321703
Argentina,ARG,1996,7.4224434
Argentina,ARG,1997,8.54243
Argentina,ARG,1998,7.7230597
Argentina,ARG,1999,6.5809317
Argentina,ARG,2000,7.4753366
Argentina,ARG,2001,9.569633
Argentina,ARG,2002,9.329009
Argentina,ARG,2003,9.262284
Argentina,ARG,2004,8.19514
Argentina,ARG,2005,7.8843803
Argentina,ARG,2006,8.4191475
Argentina,ARG,2007,6.9418397
Argentina,ARG,2008,6.9474635
Argentina,ARG,2009,7.9544215
Argentina,ARG,2010,7.9149694
Argentina,ARG,2011,7.4286304
Argentina,ARG,2012,7.153041
Argentina,ARG,2013,7.5577216
Argentina,ARG,2014,7.496852
Argentina,ARG,2015,8.023985
Argentina,ARG,2016,8.047313
Argentina,ARG,2017,8.018909
Argentina,ARG,2018,8.401078
Argentina,ARG,2019,9.35987
Argentina,ARG,2020,9.980734
Argentina,ARG,2021,9.273035
Argentina,ARG,2022,9.000053
Argentina,ARG,2023,10.50991
Argentina,ARG,2024,11.715021
Argentina,ARG,2025,11.98969
Asia,OWID_ASI,1965,2.814764
Asia,OWID_ASI,1966,2.7026746
Asia,OWID_ASI,1967,2.4223332
Asia,OWID_ASI,1968,2.524647
Asia,OWID_ASI,1969,2.3042943
Asia,OWID_ASI,1970,2.234249
Asia,OWID_ASI,1971,2.3258119
Asia,OWID_ASI,1972,2.2810054
Asia,OWID_ASI,1973,2.0214097
Asia,OWID_ASI,1974,2.5084863
Asia,OWID_ASI,1975,2.6948683
Asia,OWID_ASI,1976,2.829201
Asia,OWID_ASI,1977,2.564597
Asia,OWID_ASI,1978,3.2536905
Asia,OWID_ASI,1979,3.6304424
Asia,OWID_ASI,1980,4.172384
Asia,OWID_ASI,1981,4.509854
Asia,OWID_ASI,1982,4.9264507
Asia,OWID_ASI,1983,5.2745976
Asia,OWID_ASI,1984,5.5231137
Asia,OWID_ASI,1985,5.640747
Asia,OWID_ASI,1986,5.6347013
Asia,OWID_ASI,1987,5.947534
Asia,OWID_ASI,1988,5.6452203
Asia,OWID_ASI,1989,5.600626
Asia,OWID_ASI,1990,5.724711
Asia,OWID_ASI,1991,5.761354
Asia,OWID_ASI,1992,5.612453
Asia,OWID_ASI,1993,5.936965
Asia,OWID_ASI,1994,5.952292
Asia,OWID_ASI,1995,6.2842507
Asia,OWID_ASI,1996,6.241529
Asia,OWID_ASI,1997,6.359309
Asia,OWID_ASI,1998,6.681599
Asia,OWID_ASI,1999,6.5638943
Asia,OWID_ASI,2000,6.5367074
Asia,OWID_ASI,2001,6.5145264
Asia,OWID_ASI,2002,6.377214
Asia,OWID_ASI,2003,5.5746894
Asia,OWID_ASI,2004,5.83271
Asia,OWID_ASI,2005,5.649918
Asia,OWID_ASI,2006,5.634981
Asia,OWID_ASI,2007,5.3225884
Asia,OWID_ASI,2008,5.4053917
Asia,OWID_ASI,2009,5.447263
Asia,OWID_ASI,2010,5.5779357
Asia,OWID_ASI,2011,4.957896
Asia,OWID_ASI,2012,4.5735245
Asia,OWID_ASI,2013,4.7598386
Asia,OWID_ASI,2014,5.1409273
Asia,OWID_ASI,2015,5.5102625
Asia,OWID_ASI,2016,5.9659133
Asia,OWID_ASI,2017,6.22936
Asia,OWID_ASI,2018,6.7168827
Asia,OWID_ASI,2019,7.3948345
Asia,OWID_ASI,2020,7.8804603
Asia,OWID_ASI,2021,8.1999035
Asia,OWID_ASI,2022,8.655936
Asia,OWID_ASI,2023,8.887602
Asia,OWID_ASI,2024,9.504101
Asia,OWID_ASI,2025,10.197773
Asia Pacific (EI),,1965,3.4417822
Asia Pacific (EI),,1966,3.2763455
Asia Pacific (EI),,1967,2.932727
Asia Pacific (EI),,1968,3.0343907
Asia Pacific (EI),,1969,2.7543752
Asia Pacific (EI),,1970,2.650923
Asia Pacific (EI),,1971,2.7583911
Asia Pacific (EI),,1972,2.6889608
Asia Pacific (EI),,1973,2.4237428
Asia Pacific (EI),,1974,2.9645183
Asia Pacific (EI),,1975,3.1315558
Asia Pacific (EI),,1976,3.2263045
Asia Pacific (EI),,1977,2.929174
Asia Pacific (EI),,1978,3.6381161
Asia Pacific (EI),,1979,4.0703173
Asia Pacific (EI),,1980,4.6300554
Asia Pacific (EI),,1981,5.012669
Asia Pacific (EI),,1982,5.4921727
Asia Pacific (EI),,1983,5.940869
Asia Pacific (EI),,1984,6.2608714
Asia Pacific (EI),,1985,6.7806234
Asia Pacific (EI),,1986,6.8618236
Asia Pacific (EI),,1987,7.1380954
Asia Pacific (EI),,1988,6.6497426
Asia Pacific (EI),,1989,6.7386336
Asia Pacific (EI),,1990,6.859516
Asia Pacific (EI),,1991,6.888322
Asia Pacific (EI),,1992,6.646688
Asia Pacific (EI),,1993,6.9145613
Asia Pacific (EI),,1994,6.9502864
Asia Pacific (EI),,1995,7.305869
Asia Pacific (EI),,1996,7.188022
Asia Pacific (EI),,1997,7.344556
Asia Pacific (EI),,1998,7.7603564
Asia Pacific (EI),,1999,7.626269
Asia Pacific (EI),,2000,7.62443
Asia Pacific (EI),,2001,7.623229
Asia Pacific (EI),,2002,7.430384
Asia Pacific (EI),,2003,6.43796
Asia Pacific (EI),,2004,6.7141905
Asia Pacific (EI),,2005,6.5088654
Asia Pacific (EI),,2006,6.4842925
Asia Pacific (EI),,2007,6.14365
Asia Pacific (EI),,2008,6.3279657
Asia Pacific (EI),,2009,6.3756156
Asia Pacific (EI),,2010,6.508157
Asia Pacific (EI),,2011,5.8075976
Asia Pacific (EI),,2012,5.3424716
Asia Pacific (EI),,2013,5.5401278
Asia Pacific (EI),,2014,6.036195
Asia Pacific (EI),,2015,6.4349666
Asia Pacific (EI),,2016,6.966755
Asia Pacific (EI),,2017,7.246025
Asia Pacific (EI),,2018,7.7919006
Asia Pacific (EI),,2019,8.4641905
Asia Pacific (EI),,2020,9.036641
Asia Pacific (EI),,2021,9.447641
Asia Pacific (EI),,2022,9.898637
Asia Pacific (EI),,2023,10.079524
Asia Pacific (EI),,2024,10.743508
Asia Pacific (EI),,2025,11.588553
Australia,AUS,1965,2.0909402
Australia,AUS,1966,1.9008578
Australia,AUS,1967,1.8518739
Australia,AUS,1968,1.811406
Australia,AUS,1969,1.8867949
Australia,AUS,1970,1.9924543
Australia,AUS,1971,2.135274
Australia,AUS,1972,2.0551836
Australia,AUS,1973,2.0627537
Australia,AUS,1974,2.2162044
Australia,AUS,1975,2.3564065
Australia,AUS,1976,2.1655746
Australia,AUS,1977,1.9547107
Australia,AUS,1978,2.0324507
Australia,AUS,1979,1.907276
Australia,AUS,1980,1.789278
Australia,AUS,1981,1.8168467
Australia,AUS,1982,1.7377784
Australia,AUS,1983,1.6422234
Australia,AUS,1984,1.7103086
Australia,AUS,1985,1.7633398
Australia,AUS,1986,1.742563
Australia,AUS,1987,1.6510441
Australia,AUS,1988,1.736317
Australia,AUS,1989,1.6680068
Australia,AUS,1990,1.6692574
Australia,AUS,1991,1.760721
Australia,AUS,1992,1.7475529
Australia,AUS,1993,1.7518849
Australia,AUS,1994,1.671576
Australia,AUS,1995,1.6164072
Australia,AUS,1996,1.631346
Australia,AUS,1997,1.6032494
Australia,AUS,1998,1.5740943
Australia,AUS,1999,1.5650432
Australia,AUS,2000,1.5200112
Australia,AUS,2001,1.471251
Australia,AUS,2002,1.5674161
Australia,AUS,2003,1.6642102
Australia,AUS,2004,1.8275332
Australia,AUS,2005,2.0907102
Australia,AUS,2006,2.0775099
Australia,AUS,2007,2.0280793
Australia,AUS,2008,1.8556969
Australia,AUS,2009,1.8668487
Australia,AUS,2010,2.0148237
Australia,AUS,2011,2.579396
Australia,AUS,2012,2.6571367
Australia,AUS,2013,3.015423
Australia,AUS,2014,2.8342528
Australia,AUS,2015,2.9437633
Australia,AUS,2016,3.2813158
Australia,AUS,2017,3.1092014
Australia,AUS,2018,3.7676678
Australia,AUS,2019,4.00159
Australia,AUS,2020,4.874022
Australia,AUS,2021,5.8065143
Australia,AUS,2022,6.246642
Australia,AUS,2023,6.895732
Australia,AUS,2024,7.1153893
Australia,AUS,2025,7.8884773
Austria,AUT,1965,10.177567
Austria,AUT,1966,10.541428
Austria,AUT,1967,10.678899
Austria,AUT,1968,10.17891
Austria,AUT,1969,8.835707
Austria,AUT,1970,10.019366
Austria,AUT,1971,7.6396866
Austria,AUT,1972,7.5824766
Austria,AUT,1973,7.8752713
Austria,AUT,1974,9.522351
Austria,AUT,1975,10.147353
Austria,AUT,1976,8.205004
Austria,AUT,1977,10.262739
Austria,AUT,1978,9.766116
Austria,AUT,1979,10.5140085
Austria,AUT,1980,11.030402
Austria,AUT,1981,12.28231
Austria,AUT,1982,12.827604
Austria,AUT,1983,12.720877
Austria,AUT,1984,10.962392
Austria,AUT,1985,13.167682
Austria,AUT,1986,13.609301
Austria,AUT,1987,14.410516
Austria,AUT,1988,14.805974
Austria,AUT,1989,14.659903
Austria,AUT,1990,12.858133
Austria,AUT,1991,12.221773
Austria,AUT,1992,14.066255
Austria,AUT,1993,14.56234
Austria,AUT,1994,14.096846
Austria,AUT,1995,14.482614
Austria,AUT,1996,12.655689
Austria,AUT,1997,13.344489
Austria,AUT,1998,13.537052
Austria,AUT,1999,14.575499
Austria,AUT,2000,14.872055
Austria,AUT,2001,13.946387
Austria,AUT,2002,13.6979265
Austria,AUT,2003,11.293127
Austria,AUT,2004,12.517306
Austria,AUT,2005,12.963021
Austria,AUT,2006,14.0922165
Austria,AUT,2007,15.789535
Austria,AUT,2008,16.221386
Austria,AUT,2009,18.314552
Austria,AUT,2010,17.01089
Austria,AUT,2011,16.700945
Austria,AUT,2012,19.912287
Austria,AUT,2013,19.720625
Austria,AUT,2014,20.439774
Austria,AUT,2015,19.327557
Austria,AUT,2016,19.98638
Austria,AUT,2017,19.53275
Austria,AUT,2018,19.582144
Austria,AUT,2019,20.059187
Austria,AUT,2020,21.976412
Austria,AUT,2021,20.413708
Austria,AUT,2022,21.013407
Austria,AUT,2023,24.417967
Austria,AUT,2024,26.588259
Austria,AUT,2025,24.676855
Azerbaijan,AZE,1985,0.5648297
Azerbaijan,AZE,1986,0.32011855
Azerbaijan,AZE,1987,0.33039027
Azerbaijan,AZE,1988,0.28636464
Azerbaijan,AZE,1989,0.28078264
Azerbaijan,AZE,1990,0.6443676
Azerbaijan,AZE,1991,0.7125317
Azerbaijan,AZE,1992,0.8282048
Azerbaijan,AZE,1993,1.3386116
Azerbaijan,AZE,1994,1.093952
Azerbaijan,AZE,1995,0.98729134
Azerbaijan,AZE,1996,1.1939458
Azerbaijan,AZE,1997,1.3940883
Azerbaijan,AZE,1998,1.5884118
Azerbaijan,AZE,1999,1.2203602
Azerbaijan,AZE,2000,1.188657
Azerbaijan,AZE,2001,1.0432503
Azerbaijan,AZE,2002,1.6593747
Azerbaijan,AZE,2003,1.8805879
Azerbaijan,AZE,2004,1.8525492
Azerbaijan,AZE,2005,1.8665303
Azerbaijan,AZE,2006,1.5792296
Azerbaijan,AZE,2007,1.6108959
Azerbaijan,AZE,2008,1.5170931
Azerbaijan,AZE,2009,1.8333484
Azerbaijan,AZE,2010,2.8178709
Azerbaijan,AZE,2011,1.8972806
Azerbaijan,AZE,2012,1.2394603
Azerbaijan,AZE,2013,1.117024
Azerbaijan,AZE,2014,1.0119785
Azerbaijan,AZE,2015,1.1372106
Azerbaijan,AZE,2016,1.3680234
Azerbaijan,AZE,2017,1.2588297
Azerbaijan,AZE,2018,1.2342105
Azerbaijan,AZE,2019,1.0986059
Azerbaijan,AZE,2020,0.8289808
Azerbaijan,AZE,2021,0.8792764
Azerbaijan,AZE,2022,0.9885414
Azerbaijan,AZE,2023,1.0436496
Azerbaijan,AZE,2024,1.9106299
Azerbaijan,AZE,2025,1.9940759
Bangladesh,BGD,1971,1.3395175
Bangladesh,BGD,1972,1.1785997
Bangladesh,BGD,1973,1.7576009
Bangladesh,BGD,1974,1.1987567
Bangladesh,BGD,1975,2.1291285
Bangladesh,BGD,1976,2.0646772
Bangladesh,BGD,1977,1.7776508
Bangladesh,BGD,1978,1.9436355
Bangladesh,BGD,1979,2.0491414
Bangladesh,BGD,1980,1.7346307
Bangladesh,BGD,1981,1.7548008
Bangladesh,BGD,1982,1.3201123
Bangladesh,BGD,1983,1.7020329
Bangladesh,BGD,1984,2.1517446
Bangladesh,BGD,1985,1.5781195
Bangladesh,BGD,1986,0.87114877
Bangladesh,BGD,1987,0.90745085
Bangladesh,BGD,1988,1.0671026
Bangladesh,BGD,1989,1.3566556
Bangladesh,BGD,1990,1.2256258
Bangladesh,BGD,1991,1.2037697
Bangladesh,BGD,1992,1.0452671
Bangladesh,BGD,1993,0.72169673
Bangladesh,BGD,1994,0.951338
Bangladesh,BGD,1995,0.34968773
Bangladesh,BGD,1996,0.667231
Bangladesh,BGD,1997,0.61725354
Bangladesh,BGD,1998,0.69833314
Bangladesh,BGD,1999,0.66451174
Bangladesh,BGD,2000,0.65003484
Bangladesh,BGD,2001,0.71124494
Bangladesh,BGD,2002,0.61976314
Bangladesh,BGD,2003,0.5696865
Bangladesh,BGD,2004,0.50183547
Bangladesh,BGD,2005,0.4561242
Bangladesh,BGD,2006,0.43641886
Bangladesh,BGD,2007,0.4412617
Bangladesh,BGD,2008,0.51348686
Bangladesh,BGD,2009,0.21653396
Bangladesh,BGD,2010,0.3375028
Bangladesh,BGD,2011,0.41008818
Bangladesh,BGD,2012,0.34516677
Bangladesh,BGD,2013,0.3416726
Bangladesh,BGD,2014,0.29636526
Bangladesh,BGD,2015,0.32874522
Bangladesh,BGD,2016,0.30670306
Bangladesh,BGD,2017,0.36365792
Bangladesh,BGD,2018,0.29848403
Bangladesh,BGD,2019,0.27220225
Bangladesh,BGD,2020,0.27922586
Bangladesh,BGD,2021,0.28474516
Bangladesh,BGD,2022,0.28705224
Bangladesh,BGD,2023,0.3160325
Bangladesh,BGD,2024,0.4663612
Bangladesh,BGD,2025,0.46190706
Belarus,BLR,1985,0.0049019065
Belarus,BLR,1986,0.004293696
Belarus,BLR,1987,0.004232086
Belarus,BLR,1988,0.0041721794
Belarus,BLR,1989,0.004313864
Belarus,BLR,1990,0.0042924597
Belarus,BLR,1991,0.0038720418
Belarus,BLR,1992,0.0041983607
Belarus,BLR,1993,0.0056240605
Belarus,BLR,1994,0.0067335973
Belarus,BLR,1995,0.007978715
Belarus,BLR,1996,0.006223093
Belarus,BLR,1997,0.008075059
Belarus,BLR,1998,0.011010793
Belarus,BLR,1999,0.0076805083
Belarus,BLR,2000,0.010590468
Belarus,BLR,2001,0.012103931
Belarus,BLR,2002,0.011309548
Belarus,BLR,2003,0.011002025
Belarus,BLR,2004,0.011934646
Belarus,BLR,2005,0.013026469
Belarus,BLR,2006,0.013925274
Belarus,BLR,2007,0.026615262
Belarus,BLR,2008,0.07443722
Belarus,BLR,2009,0.16436574
Belarus,BLR,2010,0.22577189
Belarus,BLR,2011,0.21707122
Belarus,BLR,2012,0.21688034
Belarus,BLR,2013,0.22525276
Belarus,BLR,2014,0.22373292
Belarus,BLR,2015,0.25122496
Belarus,BLR,2016,0.2685252
Belarus,BLR,2017,0.4041218
Belarus,BLR,2018,0.33146888
Belarus,BLR,2019,0.3880514
Belarus,BLR,2020,0.90783095
Belarus,BLR,2021,6.3156767
Belarus,BLR,2022,5.420789
Belarus,BLR,2023,12.2104025
Belarus,BLR,2024,15.679218
Belarus,BLR,2025,17.210884
Belgium,BEL,1965,0.06595396
Belgium,BEL,1966,0.07983936
Belgium,BEL,1967,0.12532108
Belgium,BEL,1968,0.09223518
Belgium,BEL,1969,0.058132436
Belgium,BEL,1970,0.07766856
Belgium,BEL,1971,0.02532736
Belgium,BEL,1972,0.03793383
Belgium,BEL,1973,0.13207637
Belgium,BEL,1974,0.18457446
Belgium,BEL,1975,4.0450654
Belgium,BEL,1976,5.5676246
Belgium,BEL,1977,6.7251153
Belgium,BEL,1978,6.7509212
Belgium,BEL,1979,6.029413
Belgium,BEL,1980,6.904751
Belgium,BEL,1981,7.4501314
Belgium,BEL,1982,9.26823
Belgium,BEL,1983,14.603904
Belgium,BEL,1984,16.05928
Belgium,BEL,1985,19.128994
Belgium,BEL,1986,21.117384
Belgium,BEL,1987,21.85337
Belgium,BEL,1988,22.00268
Belgium,BEL,1989,20.899815
Belgium,BEL,1990,20.939535
Belgium,BEL,1991,20.321983
Belgium,BEL,1992,20.652063
Belgium,BEL,1993,20.229631
Belgium,BEL,1994,18.672457
Belgium,BEL,1995,18.796383
Belgium,BEL,1996,18.538551
Belgium,BEL,1997,20.051254
Belgium,BEL,1998,19.182709
Belgium,BEL,1999,20.5059
Belgium,BEL,2000,19.85499
Belgium,BEL,2001,19.274488
Belgium,BEL,2002,19.769413
Belgium,BEL,2003,19.078331
Belgium,BEL,2004,19.049953
Belgium,BEL,2005,19.54905
Belgium,BEL,2006,19.392263
Belgium,BEL,2007,20.028797
Belgium,BEL,2008,18.996807
Belgium,BEL,2009,21.71615
Belgium,BEL,2010,21.246807
Belgium,BEL,2011,23.185236
Belgium,BEL,2012,21.300821
Belgium,BEL,2013,21.935522
Belgium,BEL,2014,19.654705
Belgium,BEL,2015,16.480545
Belgium,BEL,2016,22.688602
Belgium,BEL,2017,22.350254
Belgium,BEL,2018,16.96279
Belgium,BEL,2019,22.75137
Belgium,BEL,2020,22.423891
Belgium,BEL,2021,26.29352
Belgium,BEL,2022,25.677256
Belgium,BEL,2023,22.812094
Belgium,BEL,2024,21.714745
Belgium,BEL,2025,19.000858
Brazil,BRA,1965,11.3938265
Brazil,BRA,1966,11.428997
Brazil,BRA,1967,11.561991
Brazil,BRA,1968,10.401771
Brazil,BRA,1969,10.158029
Brazil,BRA,1970,11.584808
Brazil,BRA,1971,11.536587
Brazil,BRA,1972,11.825401
Brazil,BRA,1973,11.097821
Brazil,BRA,1974,11.268294
Brazil,BRA,1975,11.820778
Brazil,BRA,1976,12.366478
Brazil,BRA,1977,13.642817
Brazil,BRA,1978,14.157291
Brazil,BRA,1979,15.43351
Brazil,BRA,1980,16.989845
Brazil,BRA,1981,17.842058
Brazil,BRA,1982,19.086086
Brazil,BRA,1983,21.85616
Brazil,BRA,1984,23.599249
Brazil,BRA,1985,24.71182
Brazil,BRA,1986,24.145514
Brazil,BRA,1987,24.123528
Brazil,BRA,1988,24.68406
Brazil,BRA,1989,25.459005
Brazil,BRA,1990,25.813229
Brazil,BRA,1991,25.832634
Brazil,BRA,1992,26.117308
Brazil,BRA,1993,25.935425
Brazil,BRA,1994,25.747831
Brazil,BRA,1995,25.816757
Brazil,BRA,1996,25.394432
Brazil,BRA,1997,24.797543
Brazil,BRA,1998,24.576845
Brazil,BRA,1999,24.56466
Brazil,BRA,2000,23.84149
Brazil,BRA,2001,22.88955
Brazil,BRA,2002,24.140347
Brazil,BRA,2003,25.184576
Brazil,BRA,2004,24.986773
Brazil,BRA,2005,25.452637
Brazil,BRA,2006,25.89008
Brazil,BRA,2007,27.0326
Brazil,BRA,2008,27.401276
Brazil,BRA,2009,29.757973
Brazil,BRA,2010,28.96405
Brazil,BRA,2011,28.609537
Brazil,BRA,2012,27.090492
Brazil,BRA,2013,26.334866
Brazil,BRA,2014,26.217178
Brazil,BRA,2015,27.65746
Brazil,BRA,2016,29.751059
Brazil,BRA,2017,29.697884
Brazil,BRA,2018,32.328056
Brazil,BRA,2019,33.42928
Brazil,BRA,2020,35.078148
Brazil,BRA,2021,31.935467
Brazil,BRA,2022,34.616222
Brazil,BRA,2023,35.890656
Brazil,BRA,2024,37.40522
Brazil,BRA,2025,37.68443
Bulgaria,BGR,1965,1.7239645
Bulgaria,BGR,1966,1.6127496
Bulgaria,BGR,1967,1.3908035
Bulgaria,BGR,1968,0.79387414
Bulgaria,BGR,1969,1.0078435
Bulgaria,BGR,1970,1.0490037
Bulgaria,BGR,1971,1.0152031
Bulgaria,BGR,1972,0.9513284
Bulgaria,BGR,1973,1.1269748
Bulgaria,BGR,1974,2.071713
Bulgaria,BGR,1975,3.905062
Bulgaria,BGR,1976,6.543513
Bulgaria,BGR,1977,7.3562784
Bulgaria,BGR,1978,6.891841
Bulgaria,BGR,1979,7.0417557
Bulgaria,BGR,1980,6.7880735
Bulgaria,BGR,1981,9.594775
Bulgaria,BGR,1982,10.623686
Bulgaria,BGR,1983,12.062684
Bulgaria,BGR,1984,12.473294
Bulgaria,BGR,1985,12.544432
Bulgaria,BGR,1986,11.394459
Bulgaria,BGR,1987,11.701674
Bulgaria,BGR,1988,14.5218115
Bulgaria,BGR,1989,13.424993
Bulgaria,BGR,1990,14.21695
Bulgaria,BGR,1991,16.194607
Bulgaria,BGR,1992,15.028492
Bulgaria,BGR,1993,16.792149
Bulgaria,BGR,1994,18.808348
Bulgaria,BGR,1995,20.049135
Bulgaria,BGR,1996,21.384233
Bulgaria,BGR,1997,22.142216
Bulgaria,BGR,1998,22.197927
Bulgaria,BGR,1999,23.56415
Bulgaria,BGR,2000,26.753387
Bulgaria,BGR,2001,27.008018
Bulgaria,BGR,2002,29.024647
Bulgaria,BGR,2003,24.72074
Bulgaria,BGR,2004,24.98996
Bulgaria,BGR,2005,26.067635
Bulgaria,BGR,2006,26.515942
Bulgaria,BGR,2007,20.364122
Bulgaria,BGR,2008,22.04748
Bulgaria,BGR,2009,24.885118
Bulgaria,BGR,2010,25.244547
Bulgaria,BGR,2011,23.932482
Bulgaria,BGR,2012,25.717361
Bulgaria,BGR,2013,26.712551
Bulgaria,BGR,2014,27.729055
Bulgaria,BGR,2015,26.52272
Bulgaria,BGR,2016,27.463322
Bulgaria,BGR,2017,25.897635
Bulgaria,BGR,2018,29.633312
Bulgaria,BGR,2019,30.14937
Bulgaria,BGR,2020,32.578796
Bulgaria,BGR,2021,31.024933
Bulgaria,BGR,2022,29.33099
Bulgaria,BGR,2023,33.69666
Bulgaria,BGR,2024,34.121452
Bulgaria,BGR,2025,33.533115
CIS (EI),,1965,1.2884549
CIS (EI),,1966,1.3665632
CIS (EI),,1967,1.2622367
CIS (EI),,1968,1.4523697
CIS (EI),,1969,1.5451877
CIS (EI),,1970,1.6069759
CIS (EI),,1971,1.5830839
CIS (EI),,1972,1.6117656
CIS (EI),,1973,1.6615144
CIS (EI),,1974,1.8731471
CIS (EI),,1975,1.9222299
CIS (EI),,1976,2.1877398
CIS (EI),,1977,2.5145097
CIS (EI),,1978,2.6328218
CIS (EI),,1979,2.7485988
CIS (EI),,1980,3.1127017
CIS (EI),,1981,3.365669
CIS (EI),,1982,3.477877
CIS (EI),,1983,3.6874394
CIS (EI),,1984,4.3896813
CIS (EI),,1985,4.396043
CIS (EI),,1986,4.391948
CIS (EI),,1987,4.794861
CIS (EI),,1988,5.019937
CIS (EI),,1989,4.9164395
CIS (EI),,1990,4.6130495
CIS (EI),,1991,4.7615585
CIS (EI),,1992,5.0187535
CIS (EI),,1993,5.5012426
CIS (EI),,1994,5.4249673
CIS (EI),,1995,5.762616
CIS (EI),,1996,6.089169
CIS (EI),,1997,6.4179654
CIS (EI),,1998,6.2551913
CIS (EI),,1999,6.909986
CIS (EI),,2000,7.2234445
CIS (EI),,2001,7.4054813
CIS (EI),,2002,7.4715066
CIS (EI),,2003,7.5674562
CIS (EI),,2004,7.519798
CIS (EI),,2005,7.6443667
CIS (EI),,2006,7.5607653
CIS (EI),,2007,7.6378717
CIS (EI),,2008,7.489674
CIS (EI),,2009,7.9723163
CIS (EI),,2010,7.8546863
CIS (EI),,2011,7.547247
CIS (EI),,2012,7.5776863
CIS (EI),,2013,7.7326784
CIS (EI),,2014,7.857911
CIS (EI),,2015,8.440578
CIS (EI),,2016,8.478674
CIS (EI),,2017,8.617998
CIS (EI),,2018,8.330389
CIS (EI),,2019,8.550504
CIS (EI),,2020,9.277494
CIS (EI),,2021,9.264874
CIS (EI),,2022,8.900195
CIS (EI),,2023,8.884475
CIS (EI),,2024,9.01404
CIS (EI),,2025,9.067474
Canada,CAN,1965,10.231397
Canada,CAN,1966,10.758744
Canada,CAN,1967,10.464428
Canada,CAN,1968,10.076803
Canada,CAN,1969,10.494656
Canada,CAN,1970,10.343125
Canada,CAN,1971,10.893641
Canada,CAN,1972,11.829492
Canada,CAN,1973,12.849935
Canada,CAN,1974,13.333634
Canada,CAN,1975,12.693643
Canada,CAN,1976,13.488252
Canada,CAN,1977,14.372744
Canada,CAN,1978,15.64738
Canada,CAN,1979,16.220707
Canada,CAN,1980,16.626963
Canada,CAN,1981,18.014381
Canada,CAN,1982,17.969719
Canada,CAN,1983,20.0861
Canada,CAN,1984,20.371626
Canada,CAN,1985,21.63719
Canada,CAN,1986,23.237707
Canada,CAN,1987,23.483442
Canada,CAN,1988,22.546003
Canada,CAN,1989,21.033484
Canada,CAN,1990,21.579493
Canada,CAN,1991,23.609812
Canada,CAN,1992,22.854706
Canada,CAN,1993,24.139723
Canada,CAN,1994,25.000046
Canada,CAN,1995,23.681238
Canada,CAN,1996,23.480381
Canada,CAN,1997,22.026169
Canada,CAN,1998,20.477243
Canada,CAN,1999,20.597778
Canada,CAN,2000,20.419754
Canada,CAN,2001,20.163483
Canada,CAN,2002,20.045149
Canada,CAN,2003,19.186245
Canada,CAN,2004,20.393549
Canada,CAN,2005,21.319828
Canada,CAN,2006,21.593212
Canada,CAN,2007,21.011206
Canada,CAN,2008,21.906538
Canada,CAN,2009,22.179201
Canada,CAN,2010,21.406599
Canada,CAN,2011,21.995176
Canada,CAN,2012,22.535776
Canada,CAN,2013,23.03562
Canada,CAN,2014,22.895123
Canada,CAN,2015,22.86024
Canada,CAN,2016,23.420399
Canada,CAN,2017,23.480442
Canada,CAN,2018,22.749727
Canada,CAN,2019,22.72167
Canada,CAN,2020,24.34932
Canada,CAN,2021,23.555872
Canada,CAN,2022,23.17369
Canada,CAN,2023,22.50798
Canada,CAN,2024,21.944914
Canada,CAN,2025,21.948395
Chile,CHL,1965,6.1117654
Chile,CHL,1966,5.9955297
Chile,CHL,1967,6.004689
Chile,CHL,1968,4.959501
Chile,CHL,1969,5.2177424
Chile,CHL,1970,5.2966776
Chile,CHL,1971,5.7123322
Chile,CHL,1972,6.728879
Chile,CHL,1973,6.7813807
Chile,CHL,1974,7.7917128
Chile,CHL,1975,8.803378
Chile,CHL,1976,8.830146
Chile,CHL,1977,8.933122
Chile,CHL,1978,8.971294
Chile,CHL,1979,8.689999
Chile,CHL,1980,8.94445
Chile,CHL,1981,9.259721
Chile,CHL,1982,11.217723
Chile,CHL,1983,11.953175
Chile,CHL,1984,11.896103
Chile,CHL,1985,13.220321
Chile,CHL,1986,13.9372
Chile,CHL,1987,14.408684
Chile,CHL,1988,12.42017
Chile,CHL,1989,9.057669
Chile,CHL,1990,8.592276
Chile,CHL,1991,10.910114
Chile,CHL,1992,13.665383
Chile,CHL,1993,13.15052
Chile,CHL,1994,12.309636
Chile,CHL,1995,12.306376
Chile,CHL,1996,10.416807
Chile,CHL,1997,9.940284
Chile,CHL,1998,7.7791004
Chile,CHL,1999,6.748117
Chile,CHL,2000,8.615758
Chile,CHL,2001,9.882766
Chile,CHL,2002,10.358761
Chile,CHL,2003,9.935905
Chile,CHL,2004,8.90921
Chile,CHL,2005,10.022662
Chile,CHL,2006,10.258834
Chile,CHL,2007,9.302961
Chile,CHL,2008,10.83281
Chile,CHL,2009,11.517428
Chile,CHL,2010,10.002298
Chile,CHL,2011,9.73781
Chile,CHL,2012,10.575792
Chile,CHL,2013,10.959815
Chile,CHL,2014,10.944797
Chile,CHL,2015,11.964257
Chile,CHL,2016,11.513207
Chile,CHL,2017,12.911421
Chile,CHL,2018,14.751293
Chile,CHL,2019,13.799773
Chile,CHL,2020,15.096528
Chile,CHL,2021,13.983196
Chile,CHL,2022,15.36377
Chile,CHL,2023,18.450117
Chile,CHL,2024,19.848074
Chile,CHL,2025,18.367311
China,CHN,1965,1.4800891
China,CHN,1966,1.3834901
China,CHN,1967,1.3247912
China,CHN,1968,1.5537599
China,CHN,1969,1.2924219
China,CHN,1970,1.0384738
China,CHN,1971,1.0598927
China,CHN,1972,1.1153394
China,CHN,1973,1.1823099
China,CHN,1974,1.3002273
China,CHN,1975,1.2130592
China,CHN,1976,1.1665797
China,CHN,1977,1.1157336
China,CHN,1978,0.9505602
China,CHN,1979,1.0382296
China,CHN,1980,1.2351755
China,CHN,1981,1.4132497
China,CHN,1982,1.540263
China,CHN,1983,1.685007
China,CHN,1984,1.5740848
China,CHN,1985,1.5476419
China,CHN,1986,1.510585
China,CHN,1987,1.4808555
China,CHN,1988,1.505045
China,CHN,1989,1.5570476
China,CHN,1990,1.6557747
China,CHN,1991,1.5479558
China,CHN,1992,1.5484221
China,CHN,1993,1.7251565
China,CHN,1994,2.2078795
China,CHN,1995,2.4044144
China,CHN,1996,2.247303
China,CHN,1997,2.347927
China,CHN,1998,2.3579044
China,CHN,1999,2.2789366
China,CHN,2000,2.482419
China,CHN,2001,2.8455992
China,CHN,2002,2.8788917
China,CHN,2003,2.8076675
China,CHN,2004,2.9247909
China,CHN,2005,2.8830795
China,CHN,2006,2.8775241
China,CHN,2007,2.9918478
China,CHN,2008,3.706802
China,CHN,2009,3.6114533
China,CHN,2010,3.8362775
China,CHN,2011,3.711223
China,CHN,2012,4.4084396
China,CHN,2013,4.726474
China,CHN,2014,5.472543
China,CHN,2015,6.0969033
China,CHN,2016,6.9299474
China,CHN,2017,7.4567122
China,CHN,2018,8.060102
China,CHN,2019,8.807993
China,CHN,2020,9.2009535
China,CHN,2021,9.734664
China,CHN,2022,10.2231045
China,CHN,2023,10.308313
China,CHN,2024,11.287614
China,CHN,2025,12.454365
Colombia,COL,1965,3.905699
Colombia,COL,1966,3.851631
Colombia,COL,1967,4.091731
Colombia,COL,1968,4.4177127
Colombia,COL,1969,4.8928823
Colombia,COL,1970,4.978083
Colombia,COL,1971,5.3778353
Colombia,COL,1972,5.1457696
Colombia,COL,1973,5.86427
Colombia,COL,1974,5.96257
Colombia,COL,1975,7.5462494
Colombia,COL,1976,7.6214004
Colombia,COL,1977,7.497278
Colombia,COL,1978,8.323413
Colombia,COL,1979,8.842877
Colombia,COL,1980,9.318086
Colombia,COL,1981,9.008005
Colombia,COL,1982,9.421094
Colombia,COL,1983,8.954804
Colombia,COL,1984,10.018759
Colombia,COL,1985,10.500596
Colombia,COL,1986,11.765309
Colombia,COL,1987,11.694655
Colombia,COL,1988,12.483622
Colombia,COL,1989,13.022974
Colombia,COL,1990,14.260928
Colombia,COL,1991,13.931679
Colombia,COL,1992,10.367398
Colombia,COL,1993,12.219747
Colombia,COL,1994,13.17291
Colombia,COL,1995,12.8081
Colombia,COL,1996,13.755518
Colombia,COL,1997,11.743357
Colombia,COL,1998,11.318765
Colombia,COL,1999,13.6599865
Colombia,COL,2000,12.734946
Colombia,COL,2001,12.970925
Colombia,COL,2002,14.09018
Colombia,COL,2003,14.833894
Colombia,COL,2004,14.8961115
Colombia,COL,2005,15.694366
Colombia,COL,2006,14.88937
Colombia,COL,2007,15.262343
Colombia,COL,2008,15.229324
Colombia,COL,2009,14.422723
Colombia,COL,2010,13.964239
Colombia,COL,2011,16.579689
Colombia,COL,2012,15.277825
Colombia,COL,2013,13.745851
Colombia,COL,2014,13.359891
Colombia,COL,2015,13.600692
Colombia,COL,2016,12.929627
Colombia,COL,2017,15.607462
Colombia,COL,2018,15.37826
Colombia,COL,2019,14.606179
Colombia,COL,2020,14.756588
Colombia,COL,2021,16.212341
Colombia,COL,2022,15.628064
Colombia,COL,2023,15.082775
Colombia,COL,2024,14.681149
Colombia,COL,2025,18.604006
Croatia,HRV,1990,4.240939
Croatia,HRV,1991,7.6130257
Croatia,HRV,1992,6.0647125
Croatia,HRV,1993,6.135067
Croatia,HRV,1994,7.346565
Croatia,HRV,1995,7.442063
Croatia,HRV,1996,10.006007
Croatia,HRV,1997,7.1504045
Croatia,HRV,1998,6.95681
Croatia,HRV,1999,8.378898
Croatia,HRV,2000,7.69283
Croatia,HRV,2001,8.19663
Croatia,HRV,2002,6.4732
Croatia,HRV,2003,5.6882243
Croatia,HRV,2004,7.94369
Croatia,HRV,2005,7.3714323
Croatia,HRV,2006,6.96886
Croatia,HRV,2007,4.7962627
Croatia,HRV,2008,6.087636
Croatia,HRV,2009,8.177992
Croatia,HRV,2010,10.201285
Croatia,HRV,2011,6.379345
Croatia,HRV,2012,7.358021
Croatia,HRV,2013,12.33058
Croatia,HRV,2014,13.386001
Croatia,HRV,2015,10.5812845
Croatia,HRV,2016,11.370643
Croatia,HRV,2017,9.778088
Croatia,HRV,2018,13.807917
Croatia,HRV,2019,13.862737
Croatia,HRV,2020,15.224544
Croatia,HRV,2021,17.479063
Croatia,HRV,2022,14.978579
Croatia,HRV,2023,16.654684
Croatia,HRV,2024,15.279357
Croatia,HRV,2025,14.368023
Cyprus,CYP,1965,0
Cyprus,CYP,1966,0
Cyprus,CYP,1967,0
Cyprus,CYP,1968,0
Cyprus,CYP,1969,0
Cyprus,CYP,1970,0
Cyprus,CYP,1971,0
Cyprus,CYP,1972,0
Cyprus,CYP,1973,0
Cyprus,CYP,1974,0
Cyprus,CYP,1975,0
Cyprus,CYP,1976,0
Cyprus,CYP,1977,0
Cyprus,CYP,1978,0
Cyprus,CYP,1979,0
Cyprus,CYP,1980,0
Cyprus,CYP,1981,0
Cyprus,CYP,1982,0
Cyprus,CYP,1983,0
Cyprus,CYP,1984,0
Cyprus,CYP,1985,0
Cyprus,CYP,1986,0
Cyprus,CYP,1987,0
Cyprus,CYP,1988,0
Cyprus,CYP,1989,0
Cyprus,CYP,1990,0
Cyprus,CYP,1991,0
Cyprus,CYP,1992,0
Cyprus,CYP,1993,0
Cyprus,CYP,1994,0
Cyprus,CYP,1995,0
Cyprus,CYP,1996,0
Cyprus,CYP,1997,0
Cyprus,CYP,1998,0
Cyprus,CYP,1999,0
Cyprus,CYP,2000,0
Cyprus,CYP,2001,0
Cyprus,CYP,2002,0
Cyprus,CYP,2003,0
Cyprus,CYP,2004,0.0024448547
Cyprus,CYP,2005,0.0026986708
Cyprus,CYP,2006,0.005306993
Cyprus,CYP,2007,0.047400113
Cyprus,CYP,2008,0.57267463
Cyprus,CYP,2009,0.746324
Cyprus,CYP,2010,0.9380373
Cyprus,CYP,2011,1.3931111
Cyprus,CYP,2012,1.7398492
Cyprus,CYP,2013,2.1615694
Cyprus,CYP,2014,1.9165313
Cyprus,CYP,2015,2.1575973
Cyprus,CYP,2016,2.0364225
Cyprus,CYP,2017,2.0299368
Cyprus,CYP,2018,2.1238353
Cyprus,CYP,2019,2.3832114
Cyprus,CYP,2020,3.7057722
Cyprus,CYP,2021,4.145382
Cyprus,CYP,2022,4.206112
Cyprus,CYP,2023,4.7876883
Cyprus,CYP,2024,5.6072726
Cyprus,CYP,2025,6.1610293
Czechia,CZE,1965,0.48056546
Czechia,CZE,1966,0.4493335
Czechia,CZE,1967,0.41105804
Czechia,CZE,1968,0.30439368
Czechia,CZE,1969,0.23801337
Czechia,CZE,1970,0.3266911
Czechia,CZE,1971,0.21910371
Czechia,CZE,1972,0.22800586
Czechia,CZE,1973,0.19371055
Czechia,CZE,1974,0.3233136
Czechia,CZE,1975,0.30968863
Czechia,CZE,1976,0.23984122
Czechia,CZE,1977,0.31634012
Czechia,CZE,1978,0.29009798
Czechia,CZE,1979,0.36018237
Czechia,CZE,1980,0.389359
Czechia,CZE,1981,0.33665916
Czechia,CZE,1982,0.2756975
Czechia,CZE,1983,0.3726344
Czechia,CZE,1984,0.8045444
Czechia,CZE,1985,1.4211246
Czechia,CZE,1986,3.2243958
Czechia,CZE,1987,5.363964
Czechia,CZE,1988,5.793367
Czechia,CZE,1989,6.1830316
Czechia,CZE,1990,7.0939646
Czechia,CZE,1991,7.5270376
Czechia,CZE,1992,7.745443
Czechia,CZE,1993,8.244803
Czechia,CZE,1994,8.827959
Czechia,CZE,1995,8.3474
Czechia,CZE,1996,8.409808
Czechia,CZE,1997,8.602922
Czechia,CZE,1998,9.272957
Czechia,CZE,1999,9.964145
Czechia,CZE,2000,9.537506
Czechia,CZE,2001,10.081899
Czechia,CZE,2002,12.628261
Czechia,CZE,2003,15.794537
Czechia,CZE,2004,15.849152
Czechia,CZE,2005,15.233684
Czechia,CZE,2006,15.842925
Czechia,CZE,2007,16.140867
Czechia,CZE,2008,16.990843
Czechia,CZE,2009,18.742323
Czechia,CZE,2010,18.79383
Czechia,CZE,2011,20.251532
Czechia,CZE,2012,21.92157
Czechia,CZE,2013,23.13486
Czechia,CZE,2014,23.573729
Czechia,CZE,2015,21.880127
Czechia,CZE,2016,20.477924
Czechia,CZE,2017,22.043962
Czechia,CZE,2018,22.90413
Czechia,CZE,2019,23.93246
Czechia,CZE,2020,25.911139
Czechia,CZE,2021,25.122942
Czechia,CZE,2022,25.818264
Czechia,CZE,2023,27.699047
Czechia,CZE,2024,28.691813
Czechia,CZE,2025,29.808376
Denmark,DNK,1965,0.015045798
Denmark,DNK,1966,0.013755993
Denmark,DNK,1967,0.013152733
Denmark,DNK,1968,0.010572647
Denmark,DNK,1969,0.009648973
Denmark,DNK,1970,0.009878882
Denmark,DNK,1971,0.0104535
Denmark,DNK,1972,0.0099052675
Denmark,DNK,1973,0.01023792
Denmark,DNK,1974,0.011253502
Denmark,DNK,1975,0.009990562
Denmark,DNK,1976,0.008210678
Denmark,DNK,1977,0.011010493
Denmark,DNK,1978,0.012522965
Denmark,DNK,1979,0.014640056
Denmark,DNK,1980,0.01915202
Denmark,DNK,1981,0.021993011
Denmark,DNK,1982,0.024412343
Denmark,DNK,1983,0.08453092
Denmark,DNK,1984,0.08459165
Denmark,DNK,1985,0.08738332
Denmark,DNK,1986,0.13886598
Denmark,DNK,1987,0.18113375
Denmark,DNK,1988,0.26784885
Denmark,DNK,1989,0.42743522
Denmark,DNK,1990,0.63436174
Denmark,DNK,1991,0.7946857
Denmark,DNK,1992,1.1671073
Denmark,DNK,1993,1.4214035
Denmark,DNK,1994,1.1835294
Denmark,DNK,1995,1.3060181
Denmark,DNK,1996,1.3087566
Denmark,DNK,1997,1.9003633
Denmark,DNK,1998,2.4638467
Denmark,DNK,1999,2.9409096
Denmark,DNK,2000,3.5979047
Denmark,DNK,2001,3.850813
Denmark,DNK,2002,4.6634545
Denmark,DNK,2003,5.3826203
Denmark,DNK,2004,6.7489195
Denmark,DNK,2005,7.3813787
Denmark,DNK,2006,6.3170485
Denmark,DNK,2007,7.2071376
Denmark,DNK,2008,7.428281
Denmark,DNK,2009,8.113173
Denmark,DNK,2010,10.0549965
Denmark,DNK,2011,12.10903
Denmark,DNK,2012,14.078469
Denmark,DNK,2013,14.105501
Denmark,DNK,2014,16.07796
Denmark,DNK,2015,17.137293
Denmark,DNK,2016,17.242285
Denmark,DNK,2017,21.012806
Denmark,DNK,2018,20.119654
Denmark,DNK,2019,22.566671
Denmark,DNK,2020,26.233757
Denmark,DNK,2021,29.2264
Denmark,DNK,2022,28.858265
Denmark,DNK,2023,29.908527
Denmark,DNK,2024,31.73501
Denmark,DNK,2025,33.94809
Ecuador,ECU,1965,3.0478709
Ecuador,ECU,1966,3.3314826
Ecuador,ECU,1967,3.3963773
Ecuador,ECU,1968,2.9817798
Ecuador,ECU,1969,3.1225736
Ecuador,ECU,1970,2.8969038
Ecuador,ECU,1971,2.862667
Ecuador,ECU,1972,2.6057947
Ecuador,ECU,1973,2.3613424
Ecuador,ECU,1974,2.3340614
Ecuador,ECU,1975,2.3848116
Ecuador,ECU,1976,2.0999804
Ecuador,ECU,1977,1.7230971
Ecuador,ECU,1978,2.1492767
Ecuador,ECU,1979,1.7126826
Ecuador,ECU,1980,1.9261787
Ecuador,ECU,1981,1.5736854
Ecuador,ECU,1982,1.76142
Ecuador,ECU,1983,3.624876
Ecuador,ECU,1984,6.2880516
Ecuador,ECU,1985,6.138902
Ecuador,ECU,1986,7.353509
Ecuador,ECU,1987,8.654484
Ecuador,ECU,1988,8.283458
Ecuador,ECU,1989,8.8702755
Ecuador,ECU,1990,8.363791
Ecuador,ECU,1991,7.8734922
Ecuador,ECU,1992,7.290711
Ecuador,ECU,1993,8.638058
Ecuador,ECU,1994,9.22583
Ecuador,ECU,1995,6.984967
Ecuador,ECU,1996,7.8620367
Ecuador,ECU,1997,7.7116795
Ecuador,ECU,1998,7.6252613
Ecuador,ECU,1999,9.20693
Ecuador,ECU,2000,8.953647
Ecuador,ECU,2001,7.9233527
Ecuador,ECU,2002,8.213893
Ecuador,ECU,2003,7.740056
Ecuador,ECU,2004,7.3988876
Ecuador,ECU,2005,6.654541
Ecuador,ECU,2006,6.598062
Ecuador,ECU,2007,8.236682
Ecuador,ECU,2008,9.656301
Ecuador,ECU,2009,7.4312525
Ecuador,ECU,2010,6.711816
Ecuador,ECU,2011,8.289714
Ecuador,ECU,2012,8.622349
Ecuador,ECU,2013,7.482594
Ecuador,ECU,2014,7.609936
Ecuador,ECU,2015,8.813454
Ecuador,ECU,2016,10.943517
Ecuador,ECU,2017,13.558361
Ecuador,ECU,2018,12.992535
Ecuador,ECU,2019,15.500252
Ecuador,ECU,2020,18.190691
Ecuador,ECU,2021,15.898273
Ecuador,ECU,2022,14.339983
Ecuador,ECU,2023,14.079682
Ecuador,ECU,2024,12.714056
Ecuador,ECU,2025,15.167641
Egypt,EGY,1965,1.9622929
Egypt,EGY,1966,1.9649005
Egypt,EGY,1967,2.4977517
Egypt,EGY,1968,3.604744
Egypt,EGY,1969,6.0866246
Egypt,EGY,1970,5.7005215
Egypt,EGY,1971,6.0001683
Egypt,EGY,1972,5.4803605
Egypt,EGY,1973,5.8233895
Egypt,EGY,1974,6.1123247
Egypt,EGY,1975,6.1197433
Egypt,EGY,1976,6.0194497
Egypt,EGY,1977,6.29431
Egypt,EGY,1978,6.5798984
Egypt,EGY,1979,5.74355
Egypt,EGY,1980,5.092613
Egypt,EGY,1981,4.619112
Egypt,EGY,1982,4.2225623
Egypt,EGY,1983,3.6139014
Egypt,EGY,1984,3.2286103
Egypt,EGY,1985,2.9419813
Egypt,EGY,1986,2.81467
Egypt,EGY,1987,2.6452696
Egypt,EGY,1988,2.5621119
Egypt,EGY,1989,2.614206
Egypt,EGY,1990,2.6766489
Egypt,EGY,1991,2.6300492
Egypt,EGY,1992,2.624197
Egypt,EGY,1993,2.7045898
Egypt,EGY,1994,2.7351093
Egypt,EGY,1995,2.690915
Egypt,EGY,1996,2.6171215
Egypt,EGY,1997,2.573095
Egypt,EGY,1998,2.53966
Egypt,EGY,1999,2.6348393
Egypt,EGY,2000,2.6374261
Egypt,EGY,2001,2.5827427
Egypt,EGY,2002,2.437129
Egypt,EGY,2003,2.1302688
Egypt,EGY,2004,2.0300426
Egypt,EGY,2005,1.9491848
Egypt,EGY,2006,1.880873
Egypt,EGY,2007,1.9648117
Egypt,EGY,2008,1.9963576
Egypt,EGY,2009,1.7736291
Egypt,EGY,2010,1.6561846
Egypt,EGY,2011,1.6083995
Egypt,EGY,2012,1.5586106
Egypt,EGY,2013,1.5658367
Egypt,EGY,2014,1.5750439
Egypt,EGY,2015,1.6467437
Egypt,EGY,2016,1.5769573
Egypt,EGY,2017,1.4832374
Egypt,EGY,2018,1.5765319
Egypt,EGY,2019,1.9268336
Egypt,EGY,2020,2.5061405
Egypt,EGY,2021,2.4850786
Egypt,EGY,2022,2.3951356
Egypt,EGY,2023,2.461779
Egypt,EGY,2024,2.5880268
Egypt,EGY,2025,3.094589
Estonia,EST,1985,0
Estonia,EST,1986,0
Estonia,EST,1987,0
Estonia,EST,1988,0
Estonia,EST,1989,0
Estonia,EST,1990,0
Estonia,EST,1991,0
Estonia,EST,1992,0
Estonia,EST,1993,0
Estonia,EST,1994,0
Estonia,EST,1995,0.029176438
Estonia,EST,1996,0.022905976
Estonia,EST,1997,0.037186142
Estonia,EST,1998,0.062325884
Estonia,EST,1999,0.0807967
Estonia,EST,2000,0.31377712
Estonia,EST,2001,0.13094787
Estonia,EST,2002,0.16141494
Estonia,EST,2003,0.16042139
Estonia,EST,2004,0.1981369
Estonia,EST,2005,0.28161877
Estonia,EST,2006,0.34697387
Estonia,EST,2007,0.31460834
Estonia,EST,2008,0.4840924
Estonia,EST,2009,2.083342
Estonia,EST,2010,3.6891
Estonia,EST,2011,3.9498763
Estonia,EST,2012,4.953318
Estonia,EST,2013,3.5708222
Estonia,EST,2014,4.277853
Estonia,EST,2015,4.981816
Estonia,EST,2016,5.092605
Estonia,EST,2017,5.381929
Estonia,EST,2018,6.4276567
Estonia,EST,2019,8.51207
Estonia,EST,2020,12.620625
Estonia,EST,2021,11.7004595
Estonia,EST,2022,10.348417
Estonia,EST,2023,10.807017
Estonia,EST,2024,12.445592
Estonia,EST,2025,13.47993
Europe,OWID_EUR,1965,2.5522497
Europe,OWID_EUR,1966,2.741763
Europe,OWID_EUR,1967,2.6906233
Europe,OWID_EUR,1968,2.7551558
Europe,OWID_EUR,1969,2.7257702
Europe,OWID_EUR,1970,2.7509139
Europe,OWID_EUR,1971,2.7704418
Europe,OWID_EUR,1972,3.201563
Europe,OWID_EUR,1973,2.9177032
Europe,OWID_EUR,1974,3.2586622
Europe,OWID_EUR,1975,3.6173944
Europe,OWID_EUR,1976,3.6580656
Europe,OWID_EUR,1977,4.265046
Europe,OWID_EUR,1978,4.3842363
Europe,OWID_EUR,1979,4.5840816
Europe,OWID_EUR,1980,5.0709167
Europe,OWID_EUR,1981,6.0487256
Europe,OWID_EUR,1982,6.424551
Europe,OWID_EUR,1983,7.1087437
Europe,OWID_EUR,1984,8.294187
Europe,OWID_EUR,1985,9.635831
Europe,OWID_EUR,1986,9.88222
Europe,OWID_EUR,1987,10.225849
Europe,OWID_EUR,1988,10.979341
Europe,OWID_EUR,1989,11.153248
Europe,OWID_EUR,1990,11.164393
Europe,OWID_EUR,1991,11.567715
Europe,OWID_EUR,1992,12.157757
Europe,OWID_EUR,1993,13.0424185
Europe,OWID_EUR,1994,13.361994
Europe,OWID_EUR,1995,13.705921
Europe,OWID_EUR,1996,14.067857
Europe,OWID_EUR,1997,14.591865
Europe,OWID_EUR,1998,14.575125
Europe,OWID_EUR,1999,14.961154
Europe,OWID_EUR,2000,15.143992
Europe,OWID_EUR,2001,15.401955
Europe,OWID_EUR,2002,15.45808
Europe,OWID_EUR,2003,15.304742
Europe,OWID_EUR,2004,15.601848
Europe,OWID_EUR,2005,15.689097
Europe,OWID_EUR,2006,15.671318
Europe,OWID_EUR,2007,15.678392
Europe,OWID_EUR,2008,16.09306
Europe,OWID_EUR,2009,16.909578
Europe,OWID_EUR,2010,17.046553
Europe,OWID_EUR,2011,17.219782
Europe,OWID_EUR,2012,17.69387
Europe,OWID_EUR,2013,18.18805
Europe,OWID_EUR,2014,19.128374
Europe,OWID_EUR,2015,19.305382
Europe,OWID_EUR,2016,18.99475
Europe,OWID_EUR,2017,18.92174
Europe,OWID_EUR,2018,19.266079
Europe,OWID_EUR,2019,19.768778
Europe,OWID_EUR,2020,20.867504
Europe,OWID_EUR,2021,20.829597
Europe,OWID_EUR,2022,19.694414
Europe,OWID_EUR,2023,20.6983
Europe,OWID_EUR,2024,21.277025
Europe,OWID_EUR,2025,21.351763
Europe (EI),,1965,3.2732637
Europe (EI),,1966,3.54955
Europe (EI),,1967,3.5490975
Europe (EI),,1968,3.5157728
Europe (EI),,1969,3.3948638
Europe (EI),,1970,3.3844552
Europe (EI),,1971,3.4371004
Europe (EI),,1972,3.665607
Europe (EI),,1973,3.6155467
Europe (EI),,1974,4.087404
Europe (EI),,1975,4.706504
Europe (EI),,1976,4.5878963
Europe (EI),,1977,5.3972583
Europe (EI),,1978,5.5164123
Europe (EI),,1979,5.7682137
Europe (EI),,1980,6.389205
Europe (EI),,1981,7.941694
Europe (EI),,1982,8.596247
Europe (EI),,1983,9.633241
Europe (EI),,1984,11.1940775
Europe (EI),,1985,11.584096
Europe (EI),,1986,11.87454
Europe (EI),,1987,12.230753
Europe (EI),,1988,13.268187
Europe (EI),,1989,13.454747
Europe (EI),,1990,13.565862
Europe (EI),,1991,14.0568695
Europe (EI),,1992,14.737874
Europe (EI),,1993,15.621463
Europe (EI),,1994,15.886677
Europe (EI),,1995,15.971936
Europe (EI),,1996,16.19524
Europe (EI),,1997,16.597513
Europe (EI),,1998,16.611649
Europe (EI),,1999,16.8927
Europe (EI),,2000,17.000532
Europe (EI),,2001,17.25791
Europe (EI),,2002,17.321428
Europe (EI),,2003,17.080143
Europe (EI),,2004,17.474308
Europe (EI),,2005,17.483923
Europe (EI),,2006,17.534237
Europe (EI),,2007,17.43938
Europe (EI),,2008,18.02625
Europe (EI),,2009,18.878862
Europe (EI),,2010,19.230268
Europe (EI),,2011,19.63742
Europe (EI),,2012,20.263895
Europe (EI),,2013,20.871931
Europe (EI),,2014,22.048813
Europe (EI),,2015,22.075216
Europe (EI),,2016,21.68669
Europe (EI),,2017,21.432247
Europe (EI),,2018,22.225544
Europe (EI),,2019,23.004963
Europe (EI),,2020,24.230623
Europe (EI),,2021,23.944246
Europe (EI),,2022,23.105988
Europe (EI),,2023,24.721638
Europe (EI),,2024,25.586092
Europe (EI),,2025,25.512732
European Union (27),OWID_EU27,1965,2.7855449
European Union (27),OWID_EU27,1966,2.972573
European Union (27),OWID_EU27,1967,2.8195577
European Union (27),OWID_EU27,1968,2.7200663
European Union (27),OWID_EU27,1969,2.5844834
European Union (27),OWID_EU27,1970,2.681751
European Union (27),OWID_EU27,1971,2.709004
European Union (27),OWID_EU27,1972,2.9345336
European Union (27),OWID_EU27,1973,2.8922267
European Union (27),OWID_EU27,1974,3.2257166
European Union (27),OWID_EU27,1975,3.966133
European Union (27),OWID_EU27,1976,3.7593532
European Union (27),OWID_EU27,1977,4.693402
European Union (27),OWID_EU27,1978,4.901974
European Union (27),OWID_EU27,1979,5.136914
European Union (27),OWID_EU27,1980,5.7682705
European Union (27),OWID_EU27,1981,7.5127964
European Union (27),OWID_EU27,1982,8.145229
European Union (27),OWID_EU27,1983,9.27281
European Union (27),OWID_EU27,1984,11.083081
European Union (27),OWID_EU27,1985,12.483329
European Union (27),OWID_EU27,1986,13.208497
European Union (27),OWID_EU27,1987,13.588334
European Union (27),OWID_EU27,1988,14.46884
European Union (27),OWID_EU27,1989,14.637166
European Union (27),OWID_EU27,1990,15.104427
European Union (27),OWID_EU27,1991,15.586918
European Union (27),OWID_EU27,1992,16.027357
European Union (27),OWID_EU27,1993,16.647675
European Union (27),OWID_EU27,1994,16.738567
European Union (27),OWID_EU27,1995,16.761684
European Union (27),OWID_EU27,1996,16.929995
European Union (27),OWID_EU27,1997,17.321884
European Union (27),OWID_EU27,1998,17.254393
European Union (27),OWID_EU27,1999,17.6409
European Union (27),OWID_EU27,2000,17.904663
European Union (27),OWID_EU27,2001,18.244223
European Union (27),OWID_EU27,2002,18.256062
European Union (27),OWID_EU27,2003,18.082935
European Union (27),OWID_EU27,2004,18.590523
European Union (27),OWID_EU27,2005,18.539404
European Union (27),OWID_EU27,2006,18.700718
European Union (27),OWID_EU27,2007,18.677698
European Union (27),OWID_EU27,2008,19.483974
European Union (27),OWID_EU27,2009,20.166294
European Union (27),OWID_EU27,2010,20.675388
European Union (27),OWID_EU27,2011,21.108564
European Union (27),OWID_EU27,2012,21.78428
European Union (27),OWID_EU27,2013,22.389555
European Union (27),OWID_EU27,2014,23.641743
European Union (27),OWID_EU27,2015,23.107746
European Union (27),OWID_EU27,2016,22.65121
European Union (27),OWID_EU27,2017,22.153492
European Union (27),OWID_EU27,2018,22.922714
European Union (27),OWID_EU27,2019,23.689981
European Union (27),OWID_EU27,2020,24.985233
European Union (27),OWID_EU27,2021,24.790249
European Union (27),OWID_EU27,2022,23.487608
European Union (27),OWID_EU27,2023,25.65131
European Union (27),OWID_EU27,2024,26.63812
European Union (27),OWID_EU27,2025,26.796024
Finland,FIN,1965,9.633004
Finland,FIN,1966,9.347868
Finland,FIN,1967,10.069195
Finland,FIN,1968,8.099264
Finland,FIN,1969,5.9168577
Finland,FIN,1970,5.8405967
Finland,FIN,1971,6.446682
Finland,FIN,1972,5.8843226
Finland,FIN,1973,5.3958187
Finland,FIN,1974,6.9385276
Finland,FIN,1975,6.5164413
Finland,FIN,1976,4.6143813
Finland,FIN,1977,9.450883
Finland,FIN,1978,8.629284
Finland,FIN,1979,12.672819
Finland,FIN,1980,12.74308
Finland,FIN,1981,23.749073
Finland,FIN,1982,26.324259
Finland,FIN,1983,28.089748
Finland,FIN,1984,28.006021
Finland,FIN,1985,26.271954
Finland,FIN,1986,26.00277
Finland,FIN,1987,25.942833
Finland,FIN,1988,25.796467
Finland,FIN,1989,25.012913
Finland,FIN,1990,27.776087
Finland,FIN,1991,28.399887
Finland,FIN,1992,29.079485
Finland,FIN,1993,29.76665
Finland,FIN,1994,27.46094
Finland,FIN,1995,28.990715
Finland,FIN,1996,27.268002
Finland,FIN,1997,30.141815
Finland,FIN,1998,32.522938
Finland,FIN,1999,32.28402
Finland,FIN,2000,32.679386
Finland,FIN,2001,30.737154
Finland,FIN,2002,29.671844
Finland,FIN,2003,27.962807
Finland,FIN,2004,30.494205
Finland,FIN,2005,33.30741
Finland,FIN,2006,30.132986
Finland,FIN,2007,31.0659
Finland,FIN,2008,34.158665
Finland,FIN,2009,33.940865
Finland,FIN,2010,32.431526
Finland,FIN,2011,35.318256
Finland,FIN,2012,38.52068
Finland,FIN,2013,38.013718
Finland,FIN,2014,40.071358
Finland,FIN,2015,41.953716
Finland,FIN,2016,40.11972
Finland,FIN,2017,41.861046
Finland,FIN,2018,42.093826
Finland,FIN,2019,43.906292
Finland,FIN,2020,46.906563
Finland,FIN,2021,48.87285
Finland,FIN,2022,50.6518
Finland,FIN,2023,58.28909
Finland,FIN,2024,57.753445
Finland,FIN,2025,58.466225
France,FRA,1965,3.950246
France,FRA,1966,4.520131
France,FRA,1967,3.895632
France,FRA,1968,4.3446603
France,FRA,1969,4.222927
France,FRA,1970,4.5388756
France,FRA,1971,4.5156946
France,FRA,1972,5.0721383
France,FRA,1973,4.6214805
France,FRA,1974,5.165812
France,FRA,1975,6.2348533
France,FRA,1976,4.869625
France,FRA,1977,6.5734973
France,FRA,1978,7.670979
France,FRA,1979,8.648327
France,FRA,1980,11.784372
France,FRA,1981,18.227196
France,FRA,1982,19.361376
France,FRA,1983,23.765133
France,FRA,1984,28.936893
France,FRA,1985,31.918932
France,FRA,1986,34.923847
France,FRA,1987,36.06793
France,FRA,1988,37.19981
France,FRA,1989,38.011684
France,FRA,1990,38.831482
France,FRA,1991,38.349655
France,FRA,1992,39.49534
France,FRA,1993,42.428787
France,FRA,1994,42.972794
France,FRA,1995,43.235275
France,FRA,1996,43.255695
France,FRA,1997,43.67041
France,FRA,1998,41.765743
France,FRA,1999,42.467304
France,FRA,2000,43.592075
France,FRA,2001,44.18791
France,FRA,2002,45.091084
France,FRA,2003,44.802708
France,FRA,2004,45.015694
France,FRA,2005,45.2058
France,FRA,2006,45.710365
France,FRA,2007,45.8793
France,FRA,2008,46.391743
France,FRA,2009,45.943142
France,FRA,2010,46.706753
France,FRA,2011,48.74335
France,FRA,2012,48.30638
France,FRA,2013,48.424202
France,FRA,2014,51.506237
France,FRA,2015,50.89533
France,FRA,2016,48.835022
France,FRA,2017,48.02514
France,FRA,2018,50.11783
France,FRA,2019,49.73606
France,FRA,2020,50.861668
France,FRA,2021,50.399918
France,FRA,2022,46.000088
France,FRA,2023,50.99292
France,FRA,2024,54.333782
France,FRA,2025,55.3809
Germany,DEU,1965,0.56395763
Germany,DEU,1966,0.62312806
Germany,DEU,1967,0.69335663
Germany,DEU,1968,0.70913833
Germany,DEU,1969,0.844873
Germany,DEU,1970,1.1180148
Germany,DEU,1971,0.9762968
Germany,DEU,1972,1.2052045
Germany,DEU,1973,1.3916545
Germany,DEU,1974,1.6652752
Germany,DEU,1975,2.5059273
Germany,DEU,1976,2.6834714
Germany,DEU,1977,3.6772661
Germany,DEU,1978,3.7653906
Germany,DEU,1979,4.143632
Germany,DEU,1980,4.5931773
Germany,DEU,1981,5.488574
Germany,DEU,1982,6.366869
Germany,DEU,1983,6.503727
Germany,DEU,1984,8.181082
Germany,DEU,1985,10.3323345
Germany,DEU,1986,9.870535
Germany,DEU,1987,10.615896
Germany,DEU,1988,11.643706
Germany,DEU,1989,12.066838
Germany,DEU,1990,11.554591
Germany,DEU,1991,11.429606
Germany,DEU,1992,12.614241
Germany,DEU,1993,12.298737
Germany,DEU,1994,12.313282
Germany,DEU,1995,12.543421
Germany,DEU,1996,12.6384535
Germany,DEU,1997,13.504676
Germany,DEU,1998,13.047461
Germany,DEU,1999,13.985008
Germany,DEU,2000,14.197545
Germany,DEU,2001,14.190714
Germany,DEU,2002,14.20497
Germany,DEU,2003,14.412943
Germany,DEU,2004,15.057644
Germany,DEU,2005,15.516943
Germany,DEU,2006,16.220985
Germany,DEU,2007,15.800386
Germany,DEU,2008,16.472912
Germany,DEU,2009,16.629631
Germany,DEU,2010,16.848642
Germany,DEU,2011,15.662953
Germany,DEU,2012,15.800786
Germany,DEU,2013,15.47963
Germany,DEU,2014,16.687717
Germany,DEU,2015,16.90072
Germany,DEU,2016,16.10195
Germany,DEU,2017,15.8758745
Germany,DEU,2018,16.587095
Germany,DEU,2019,17.55956
Germany,DEU,2020,18.634848
Germany,DEU,2021,17.756647
Germany,DEU,2022,16.018988
Germany,DEU,2023,15.448108
Germany,DEU,2024,15.078017
Germany,DEU,2025,15.165306
Greece,GRC,1965,1.0325006
Greece,GRC,1966,2.0777168
Greece,GRC,1967,1.8014277
Greece,GRC,1968,1.4181874
Greece,GRC,1969,2.04071
Greece,GRC,1970,2.370417
Greece,GRC,1971,1.9873688
Greece,GRC,1972,1.7813698
Greece,GRC,1973,1.273318
Greece,GRC,1974,1.3777926
Greece,GRC,1975,1.0368087
Greece,GRC,1976,0.872344
Greece,GRC,1977,0.8602294
Greece,GRC,1978,1.3260249
Greece,GRC,1979,1.8188505
Greece,GRC,1980,1.7511448
Greece,GRC,1981,1.7945725
Greece,GRC,1982,1.8526194
Greece,GRC,1983,1.195589
Greece,GRC,1984,1.4061344
Greece,GRC,1985,1.3021003
Greece,GRC,1986,1.5043064
Greece,GRC,1987,1.1752133
Greece,GRC,1988,0.9431467
Greece,GRC,1989,0.6954468
Greece,GRC,1990,0.6238731
Greece,GRC,1991,1.0963571
Greece,GRC,1992,0.76345193
Greece,GRC,1993,0.7918634
Greece,GRC,1994,0.88192815
Greece,GRC,1995,1.1554936
Greece,GRC,1996,1.3956939
Greece,GRC,1997,1.2052375
Greece,GRC,1998,1.0939802
Greece,GRC,1999,1.3816245
Greece,GRC,2000,1.1355219
Greece,GRC,2001,0.8346905
Greece,GRC,2002,1.0366582
Greece,GRC,2003,1.576332
Greece,GRC,2004,1.5930024
Greece,GRC,2005,1.71528
Greece,GRC,2006,2.1235414
Greece,GRC,2007,1.4430139
Greece,GRC,2008,1.7237003
Greece,GRC,2009,2.482791
Greece,GRC,2010,3.435791
Greece,GRC,2011,2.7331147
Greece,GRC,2012,3.6161005
Greece,GRC,2013,5.3880205
Greece,GRC,2014,5.0030875
Greece,GRC,2015,5.983694
Greece,GRC,2016,6.1536517
Greece,GRC,2017,5.461441
Greece,GRC,2018,6.2895384
Greece,GRC,2019,6.6003804
Greece,GRC,2020,8.4237795
Greece,GRC,2021,9.608774
Greece,GRC,2022,9.454035
Greece,GRC,2023,9.916421
Greece,GRC,2024,11.247203
Greece,GRC,2025,10.3625555
High-income countries,OWID_HIC,1965,2.9097362
High-income countries,OWID_HIC,1966,3.0003297
High-income countries,OWID_HIC,1967,2.9999363
High-income countries,OWID_HIC,1968,2.9831605
High-income countries,OWID_HIC,1969,2.9725862
High-income countries,OWID_HIC,1970,3.0029013
High-income countries,OWID_HIC,1971,3.2540743
High-income countries,OWID_HIC,1972,3.4854288
High-income countries,OWID_HIC,1973,3.6269176
High-income countries,OWID_HIC,1974,4.3026323
High-income countries,OWID_HIC,1975,5.061712
High-income countries,OWID_HIC,1976,5.06136
High-income countries,OWID_HIC,1977,5.5781403
High-income countries,OWID_HIC,1978,6.1175556
High-income countries,OWID_HIC,1979,6.182622
High-income countries,OWID_HIC,1980,6.6753144
High-income countries,OWID_HIC,1981,7.604345
High-income countries,OWID_HIC,1982,8.315645
High-income countries,OWID_HIC,1983,9.150441
High-income countries,OWID_HIC,1984,9.954336
High-income countries,OWID_HIC,1985,10.083172
High-income countries,OWID_HIC,1986,10.5518055
High-income countries,OWID_HIC,1987,10.888525
High-income countries,OWID_HIC,1988,11.166432
High-income countries,OWID_HIC,1989,11.317169
High-income countries,OWID_HIC,1990,11.691938
High-income countries,OWID_HIC,1991,12.151261
High-income countries,OWID_HIC,1992,12.209955
High-income countries,OWID_HIC,1993,12.645361
High-income countries,OWID_HIC,1994,12.679522
High-income countries,OWID_HIC,1995,13.003151
High-income countries,OWID_HIC,1996,13.025659
High-income countries,OWID_HIC,1997,13.00752
High-income countries,OWID_HIC,1998,13.147228
High-income countries,OWID_HIC,1999,13.408606
High-income countries,OWID_HIC,2000,13.380678
High-income countries,OWID_HIC,2001,13.518918
High-income countries,OWID_HIC,2002,13.614766
High-income countries,OWID_HIC,2003,13.1491785
High-income countries,OWID_HIC,2004,13.474668
High-income countries,OWID_HIC,2005,13.556001
High-income countries,OWID_HIC,2006,13.735833
High-income countries,OWID_HIC,2007,13.527365
High-income countries,OWID_HIC,2008,13.842415
High-income countries,OWID_HIC,2009,14.577811
High-income countries,OWID_HIC,2010,14.455564
High-income countries,OWID_HIC,2011,14.22095
High-income countries,OWID_HIC,2012,13.794281
High-income countries,OWID_HIC,2013,14.005815
High-income countries,OWID_HIC,2014,14.32323
High-income countries,OWID_HIC,2015,14.442744
High-income countries,OWID_HIC,2016,14.563674
High-income countries,OWID_HIC,2017,14.620001
High-income countries,OWID_HIC,2018,14.710837
High-income countries,OWID_HIC,2019,15.174215
High-income countries,OWID_HIC,2020,16.168158
High-income countries,OWID_HIC,2021,15.927282
High-income countries,OWID_HIC,2022,15.609241
High-income countries,OWID_HIC,2023,16.28671
High-income countries,OWID_HIC,2024,16.693752
High-income countries,OWID_HIC,2025,16.740671
Hong Kong,HKG,1965,0
Hong Kong,HKG,1966,0
Hong Kong,HKG,1967,0
Hong Kong,HKG,1968,0
Hong Kong,HKG,1969,0
Hong Kong,HKG,1970,0
Hong Kong,HKG,1971,0
Hong Kong,HKG,1972,0
Hong Kong,HKG,1973,0
Hong Kong,HKG,1974,0
Hong Kong,HKG,1975,0
Hong Kong,HKG,1976,0
Hong Kong,HKG,1977,0
Hong Kong,HKG,1978,0
Hong Kong,HKG,1979,0
Hong Kong,HKG,1980,0
Hong Kong,HKG,1981,0
Hong Kong,HKG,1982,0
Hong Kong,HKG,1983,0
Hong Kong,HKG,1984,0
Hong Kong,HKG,1985,0
Hong Kong,HKG,1986,0
Hong Kong,HKG,1987,0
Hong Kong,HKG,1988,0
Hong Kong,HKG,1989,0
Hong Kong,HKG,1990,0
Hong Kong,HKG,1991,0
Hong Kong,HKG,1992,0
Hong Kong,HKG,1993,0
Hong Kong,HKG,1994,0
Hong Kong,HKG,1995,0
Hong Kong,HKG,1996,0
Hong Kong,HKG,1997,0
Hong Kong,HKG,1998,0
Hong Kong,HKG,1999,0
Hong Kong,HKG,2000,0
Hong Kong,HKG,2001,0
Hong Kong,HKG,2002,0
Hong Kong,HKG,2003,0
Hong Kong,HKG,2004,0
Hong Kong,HKG,2005,0
Hong Kong,HKG,2006,0.00024286863
Hong Kong,HKG,2007,0.0002845274
Hong Kong,HKG,2008,0.00028530843
Hong Kong,HKG,2009,0.00035582887
Hong Kong,HKG,2010,0.05072334
Hong Kong,HKG,2011,0.13353568
Hong Kong,HKG,2012,0.05736158
Hong Kong,HKG,2013,0.15737079
Hong Kong,HKG,2014,0.1475242
Hong Kong,HKG,2015,0.20067586
Hong Kong,HKG,2016,0.20171858
Hong Kong,HKG,2017,0.20462045
Hong Kong,HKG,2018,0.2354904
Hong Kong,HKG,2019,0.2434885
Hong Kong,HKG,2020,0.50567406
Hong Kong,HKG,2021,0.6868908
Hong Kong,HKG,2022,0.94184965
Hong Kong,HKG,2023,0.9163843
Hong Kong,HKG,2024,0.95331776
Hong Kong,HKG,2025,1.1523951
Hungary,HUN,1965,0.040578123
Hungary,HUN,1966,0.05339965
Hungary,HUN,1967,0.045878757
Hungary,HUN,1968,0.047996104
Hungary,HUN,1969,0.0478405
Hungary,HUN,1970,0.04112775
Hungary,HUN,1971,0.04345678
Hungary,HUN,1972,0.048232347
Hungary,HUN,1973,0.040891286
Hungary,HUN,1974,0.031814247
Hungary,HUN,1975,0.060504843
Hungary,HUN,1976,0.05732514
Hungary,HUN,1977,0.0492256
Hungary,HUN,1978,0.042623162
Hungary,HUN,1979,0.045541603
Hungary,HUN,1980,0.03482375
Hungary,HUN,1981,0.052788313
Hungary,HUN,1982,0.04973684
Hungary,HUN,1983,2.4309087
Hungary,HUN,1984,3.5848837
Hungary,HUN,1985,5.9197598
Hungary,HUN,1986,6.8030267
Hungary,HUN,1987,9.602749
Hungary,HUN,1988,12.000384
Hungary,HUN,1989,12.715993
Hungary,HUN,1990,12.935588
Hungary,HUN,1991,13.522103
Hungary,HUN,1992,14.775218
Hungary,HUN,1993,14.724772
Hungary,HUN,1994,15.125569
Hungary,HUN,1995,14.707755
Hungary,HUN,1996,14.627371
Hungary,HUN,1997,14.762142
Hungary,HUN,1998,14.592788
Hungary,HUN,1999,14.748704
Hungary,HUN,2000,15.322398
Hungary,HUN,2001,14.886059
Hungary,HUN,2002,14.719474
Hungary,HUN,2003,11.682422
Hungary,HUN,2004,13.187539
Hungary,HUN,2005,15.15996
Hungary,HUN,2006,14.717803
Hungary,HUN,2007,16.569876
Hungary,HUN,2008,17.788366
Hungary,HUN,2009,20.222504
Hungary,HUN,2010,20.215097
Hungary,HUN,2011,20.40447
Hungary,HUN,2012,21.785187
Hungary,HUN,2013,22.538927
Hungary,HUN,2014,23.487894
Hungary,HUN,2015,22.508997
Hungary,HUN,2016,22.360518
Hungary,HUN,2017,21.33026
Hungary,HUN,2018,21.15488
Hungary,HUN,2019,21.901827
Hungary,HUN,2020,22.696808
Hungary,HUN,2021,22.253836
Hungary,HUN,2022,23.84056
Hungary,HUN,2023,25.683203
Hungary,HUN,2024,26.853016
Hungary,HUN,2025,27.88822
Iceland,ISL,1965,10.122944
Iceland,ISL,1966,9.269005
Iceland,ISL,1967,10.100221
Iceland,ISL,1968,9.826629
Iceland,ISL,1969,13.2149935
Iceland,ISL,1970,20.656107
Iceland,ISL,1971,20.567541
Iceland,ISL,1972,21.849
Iceland,ISL,1973,23.37058
Iceland,ISL,1974,23.800257
Iceland,ISL,1975,25.545576
Iceland,ISL,1976,26.633453
Iceland,ISL,1977,26.817331
Iceland,ISL,1978,26.55961
Iceland,ISL,1979,29.935585
Iceland,ISL,1980,32.68964
Iceland,ISL,1981,37.442215
Iceland,ISL,1982,43.09667
Iceland,ISL,1983,44.607506
Iceland,ISL,1984,43.65117
Iceland,ISL,1985,43.11115
Iceland,ISL,1986,45.013702
Iceland,ISL,1987,45.087776
Iceland,ISL,1988,45.476864
Iceland,ISL,1989,44.433693
Iceland,ISL,1990,43.835648
Iceland,ISL,1991,44.397408
Iceland,ISL,1992,42.261333
Iceland,ISL,1993,43.031666
Iceland,ISL,1994,43.331963
Iceland,ISL,1995,43.901398
Iceland,ISL,1996,44.912807
Iceland,ISL,1997,45.889378
Iceland,ISL,1998,52.812717
Iceland,ISL,1999,60.64242
Iceland,ISL,2000,62.658676
Iceland,ISL,2001,65.163956
Iceland,ISL,2002,64.455
Iceland,ISL,2003,64.62196
Iceland,ISL,2004,64.05717
Iceland,ISL,2005,66.22464
Iceland,ISL,2006,72.166695
Iceland,ISL,2007,76.98749
Iceland,ISL,2008,78.81394
Iceland,ISL,2009,81.03564
Iceland,ISL,2010,85.665955
Iceland,ISL,2011,86.32741
Iceland,ISL,2012,87.32756
Iceland,ISL,2013,86.88331
Iceland,ISL,2014,86.63728
Iceland,ISL,2015,85.37528
Iceland,ISL,2016,84.08412
Iceland,ISL,2017,83.195656
Iceland,ISL,2018,83.694595
Iceland,ISL,2019,85.61965
Iceland,ISL,2020,89.836365
Iceland,ISL,2021,87.93193
Iceland,ISL,2022,85.82554
Iceland,ISL,2023,85.85384
Iceland,ISL,2024,85.16268
Iceland,ISL,2025,84.70871
India,IND,1965,3.2936165
India,IND,1966,3.3401203
India,IND,1967,3.644233
India,IND,1968,3.9560933
India,IND,1969,4.2649674
India,IND,1970,4.883454
India,IND,1971,4.9819465
India,IND,1972,4.55616
India,IND,1973,5.1421366
India,IND,1974,4.60514
India,IND,1975,5.159147
India,IND,1976,5.2779317
India,IND,1977,5.139839
India,IND,1978,6.2316666
India,IND,1979,5.687727
India,IND,1980,5.6601973
India,IND,1981,5.3929067
India,IND,1982,4.5520606
India,IND,1983,4.373529
India,IND,1984,4.720099
India,IND,1985,4.4127183
India,IND,1986,4.253183
India,IND,1987,3.8105593
India,IND,1988,3.9335034
India,IND,1989,3.740102
India,IND,1990,3.9559124
India,IND,1991,3.9725351
India,IND,1992,3.720609
India,IND,1993,3.6493695
India,IND,1994,3.7121875
India,IND,1995,3.5951483
India,IND,1996,3.3157969
India,IND,1997,3.361769
India,IND,1998,3.7463229
India,IND,1999,3.763365
India,IND,2000,3.6953452
India,IND,2001,3.8483274
India,IND,2002,3.657667
India,IND,2003,3.5128279
India,IND,2004,4.363198
India,IND,2005,3.8584208
India,IND,2006,4.1755853
India,IND,2007,4.2166295
India,IND,2008,3.8463578
India,IND,2009,3.577204
India,IND,2010,3.9793162
India,IND,2011,4.8114653
India,IND,2012,4.461791
India,IND,2013,4.689443
India,IND,2014,4.7484207
India,IND,2015,4.579194
India,IND,2016,4.50225
India,IND,2017,4.555712
India,IND,2018,4.8608694
India,IND,2019,5.4284697
India,IND,2020,5.898522
India,IND,2021,5.6803503
India,IND,2022,6.0986
India,IND,2023,5.783565
India,IND,2024,6.1269574
India,IND,2025,7.006929
Indonesia,IDN,1965,2.2549045
Indonesia,IDN,1966,2.9945312
Indonesia,IDN,1967,3.4305186
Indonesia,IDN,1968,4.016068
Indonesia,IDN,1969,3.6999023
Indonesia,IDN,1970,4.237483
Indonesia,IDN,1971,1.3899218
Indonesia,IDN,1972,1.1670281
Indonesia,IDN,1973,1.309128
Indonesia,IDN,1974,1.3546709
Indonesia,IDN,1975,1.1558089
Indonesia,IDN,1976,0.63936776
Indonesia,IDN,1977,0.8065256
Indonesia,IDN,1978,0.50912654
Indonesia,IDN,1979,0.4972817
Indonesia,IDN,1980,0.41842535
Indonesia,IDN,1981,0.38869208
Indonesia,IDN,1982,0.41609544
Indonesia,IDN,1983,0.592651
Indonesia,IDN,1984,0.58771074
Indonesia,IDN,1985,0.6787891
Indonesia,IDN,1986,1.0304596
Indonesia,IDN,1987,1.0038668
Indonesia,IDN,1988,1.0453064
Indonesia,IDN,1989,1.1791607
Indonesia,IDN,1990,2.980973
Indonesia,IDN,1991,2.772612
Indonesia,IDN,1992,2.90316
Indonesia,IDN,1993,2.6247072
Indonesia,IDN,1994,3.0178707
Indonesia,IDN,1995,3.4948385
Indonesia,IDN,1996,3.456388
Indonesia,IDN,1997,3.2458804
Indonesia,IDN,1998,4.3262615
Indonesia,IDN,1999,4.5456734
Indonesia,IDN,2000,4.978412
Indonesia,IDN,2001,5.678779
Indonesia,IDN,2002,5.53444
Indonesia,IDN,2003,5.0757155
Indonesia,IDN,2004,5.4213305
Indonesia,IDN,2005,5.3169413
Indonesia,IDN,2006,5.184073
Indonesia,IDN,2007,5.183559
Indonesia,IDN,2008,5.916455
Indonesia,IDN,2009,6.3768754
Indonesia,IDN,2010,6.3705177
Indonesia,IDN,2011,5.838421
Indonesia,IDN,2012,5.739826
Indonesia,IDN,2013,6.4963593
Indonesia,IDN,2014,6.9870505
Indonesia,IDN,2015,6.3676076
Indonesia,IDN,2016,7.999481
Indonesia,IDN,2017,8.219762
Indonesia,IDN,2018,10.648312
Indonesia,IDN,2019,11.119427
Indonesia,IDN,2020,13.464394
Indonesia,IDN,2021,13.847931
Indonesia,IDN,2022,12.488293
Indonesia,IDN,2023,13.112083
Indonesia,IDN,2024,12.550078
Indonesia,IDN,2025,11.680549
Iran,IRN,1965,1.8303193
Iran,IRN,1966,1.803631
Iran,IRN,1967,1.7636933
Iran,IRN,1968,1.7240958
Iran,IRN,1969,1.6899225
Iran,IRN,1970,1.5381193
Iran,IRN,1971,1.5084437
Iran,IRN,1972,1.7556324
Iran,IRN,1973,1.2321628
Iran,IRN,1974,1.1959801
Iran,IRN,1975,1.0752751
Iran,IRN,1976,1.0686481
Iran,IRN,1977,0.9735709
Iran,IRN,1978,1.5778756
Iran,IRN,1979,1.2593342
Iran,IRN,1980,1.4126172
Iran,IRN,1981,1.5404944
Iran,IRN,1982,1.4292336
Iran,IRN,1983,1.1722044
Iran,IRN,1984,1.0110848
Iran,IRN,1985,0.93279994
Iran,IRN,1986,1.1959761
Iran,IRN,1987,1.2377585
Iran,IRN,1988,1.281545
Iran,IRN,1989,0.95111483
Iran,IRN,1990,0.9262856
Iran,IRN,1991,0.6450345
Iran,IRN,1992,0.96335435
Iran,IRN,1993,1.1967478
Iran,IRN,1994,0.6928915
Iran,IRN,1995,0.79901606
Iran,IRN,1996,0.7774992
Iran,IRN,1997,0.50582904
Iran,IRN,1998,0.61334175
Iran,IRN,1999,0.39184678
Iran,IRN,2000,0.27481878
Iran,IRN,2001,0.28001696
Iran,IRN,2002,0.49923158
Iran,IRN,2003,0.5870604
Iran,IRN,2004,0.662053
Iran,IRN,2005,0.7588625
Iran,IRN,2006,0.893358
Iran,IRN,2007,0.81498075
Iran,IRN,2008,0.3305407
Iran,IRN,2009,0.2938381
Iran,IRN,2010,0.42840555
Iran,IRN,2011,0.44528183
Iran,IRN,2012,0.6760322
Iran,IRN,2013,1.0487969
Iran,IRN,2014,0.983391
Iran,IRN,2015,0.8766503
Iran,IRN,2016,1.2172716
Iran,IRN,2017,1.2941005
Iran,IRN,2018,1.0216684
Iran,IRN,2019,1.6823262
Iran,IRN,2020,1.3050889
Iran,IRN,2021,0.37396073
Iran,IRN,2022,1.0285237
Iran,IRN,2023,1.2535511
Iran,IRN,2024,1.1573906
Iran,IRN,2025,0.86130756
Iraq,IRQ,1965,0.30923074
Iraq,IRQ,1966,0.36842543
Iraq,IRQ,1967,0.41736743
Iraq,IRQ,1968,0.47524294
Iraq,IRQ,1969,0.4534084
Iraq,IRQ,1970,0.4439895
Iraq,IRQ,1971,0.47094682
Iraq,IRQ,1972,0.40151155
Iraq,IRQ,1973,0.59433633
Iraq,IRQ,1974,0.8410227
Iraq,IRQ,1975,0.8876137
Iraq,IRQ,1976,0.7002988
Iraq,IRQ,1977,0.826863
Iraq,IRQ,1978,0.9781201
Iraq,IRQ,1979,1.1422304
Iraq,IRQ,1980,0.69006276
Iraq,IRQ,1981,0.6521477
Iraq,IRQ,1982,0.61891425
Iraq,IRQ,1983,0.5379894
Iraq,IRQ,1984,0.49319956
Iraq,IRQ,1985,0.42943212
Iraq,IRQ,1986,0.3662714
Iraq,IRQ,1987,1.3716266
Iraq,IRQ,1988,1.1801386
Iraq,IRQ,1989,1.0365623
Iraq,IRQ,1990,2.034215
Iraq,IRQ,1991,1.4711398
Iraq,IRQ,1992,2.2906382
Iraq,IRQ,1993,2.0252268
Iraq,IRQ,1994,1.8067122
Iraq,IRQ,1995,2.0771918
Iraq,IRQ,1996,1.8843015
Iraq,IRQ,1997,1.6103101
Iraq,IRQ,1998,2.0279813
Iraq,IRQ,1999,1.6011931
Iraq,IRQ,2000,1.0104328
Iraq,IRQ,2001,1.0477827
Iraq,IRQ,2002,1.3661443
Iraq,IRQ,2003,1.6122483
Iraq,IRQ,2004,1.8242716
Iraq,IRQ,2005,1.6359174
Iraq,IRQ,2006,1.7184498
Iraq,IRQ,2007,1.554143
Iraq,IRQ,2008,0.8609149
Iraq,IRQ,2009,0.8463374
Iraq,IRQ,2010,0.91168845
Iraq,IRQ,2011,0.8030815
Iraq,IRQ,2012,0.98080677
Iraq,IRQ,2013,0.95273346
Iraq,IRQ,2014,0.6065168
Iraq,IRQ,2015,0.5456226
Iraq,IRQ,2016,0.666253
Iraq,IRQ,2017,0.3762224
Iraq,IRQ,2018,0.35362715
Iraq,IRQ,2019,0.7950667
Iraq,IRQ,2020,0.8489878
Iraq,IRQ,2021,0.6429144
Iraq,IRQ,2022,0.48631322
Iraq,IRQ,2023,0.26054016
Iraq,IRQ,2024,0.5747458
Iraq,IRQ,2025,0.4342328
Ireland,IRL,1965,1.4312308
Ireland,IRL,1966,1.1450405
Ireland,IRL,1967,0.9956312
Ireland,IRL,1968,0.8137167
Ireland,IRL,1969,0.6120305
Ireland,IRL,1970,1.0810102
Ireland,IRL,1971,0.5977656
Ireland,IRL,1972,0.83900326
Ireland,IRL,1973,0.7427629
Ireland,IRL,1974,0.9053399
Ireland,IRL,1975,0.63729036
Ireland,IRL,1976,0.7084985
Ireland,IRL,1977,0.8362512
Ireland,IRL,1978,0.75237626
Ireland,IRL,1979,0.8081891
Ireland,IRL,1980,0.847653
Ireland,IRL,1981,0.8936236
Ireland,IRL,1982,0.8383761
Ireland,IRL,1983,0.8258503
Ireland,IRL,1984,0.7337601
Ireland,IRL,1985,0.8553292
Ireland,IRL,1986,0.8691853
Ireland,IRL,1987,0.63903254
Ireland,IRL,1988,0.8190759
Ireland,IRL,1989,0.6337478
Ireland,IRL,1990,0.60030323
Ireland,IRL,1991,0.6266169
Ireland,IRL,1992,0.6944536
Ireland,IRL,1993,0.6395037
Ireland,IRL,1994,0.7380726
Ireland,IRL,1995,0.5593945
Ireland,IRL,1996,0.5982326
Ireland,IRL,1997,0.67497116
Ireland,IRL,1998,0.87283343
Ireland,IRL,1999,0.80588156
Ireland,IRL,2000,0.79871786
Ireland,IRL,2001,0.6785321
Ireland,IRL,2002,0.86883676
Ireland,IRL,2003,0.74755263
Ireland,IRL,2004,0.9023136
Ireland,IRL,2005,1.1346302
Ireland,IRL,2006,1.4373156
Ireland,IRL,2007,1.7890509
Ireland,IRL,2008,2.441635
Ireland,IRL,2009,3.2498813
Ireland,IRL,2010,3.1015437
Ireland,IRL,2011,4.4903617
Ireland,IRL,2012,4.5305905
Ireland,IRL,2013,5.0378904
Ireland,IRL,2014,5.758305
Ireland,IRL,2015,6.416367
Ireland,IRL,2016,6.0513268
Ireland,IRL,2017,7.3180985
Ireland,IRL,2018,8.092841
Ireland,IRL,2019,9.370723
Ireland,IRL,2020,11.26422
Ireland,IRL,2021,9.764933
Ireland,IRL,2022,10.727184
Ireland,IRL,2023,12.195855
Ireland,IRL,2024,12.777367
Ireland,IRL,2025,14.01237
Israel,ISR,1965,0
Israel,ISR,1966,0
Israel,ISR,1967,0
Israel,ISR,1968,0
Israel,ISR,1969,0
Israel,ISR,1970,0
Israel,ISR,1971,0
Israel,ISR,1972,0
Israel,ISR,1973,0
Israel,ISR,1974,0
Israel,ISR,1975,0
Israel,ISR,1976,0
Israel,ISR,1977,0
Israel,ISR,1978,0
Israel,ISR,1979,0
Israel,ISR,1980,0
Israel,ISR,1981,0.002124218
Israel,ISR,1982,0.0019658015
Israel,ISR,1983,0.00098227
Israel,ISR,1984,0.0018879026
Israel,ISR,1985,0.0020356444
Israel,ISR,1986,0.0058060023
Israel,ISR,1987,0.00902406
Israel,ISR,1988,0.008419584
Israel,ISR,1989,0.0024141022
Israel,ISR,1990,0.0023232505
Israel,ISR,1991,0.004570875
Israel,ISR,1992,0.018936941
Israel,ISR,1993,0.01563294
Israel,ISR,1994,0.013254654
Israel,ISR,1995,0.012810039
Israel,ISR,1996,0.011866506
Israel,ISR,1997,0.011303831
Israel,ISR,1998,0.010741386
Israel,ISR,1999,0.013681187
Israel,ISR,2000,0.013637735
Israel,ISR,2001,0.008803838
Israel,ISR,2002,0.064396374
Israel,ISR,2003,0.06822099
Israel,ISR,2004,0.066944025
Israel,ISR,2005,0.09063322
Israel,ISR,2006,0.050924633
Israel,ISR,2007,0.044524256
Israel,ISR,2008,0.052874606
Israel,ISR,2009,0.11117154
Israel,ISR,2010,0.15371643
Israel,ISR,2011,0.2162986
Israel,ISR,2012,0.2721922
Israel,ISR,2013,0.28044036
Israel,ISR,2014,0.4572625
Israel,ISR,2015,0.5759603
Israel,ISR,2016,0.83685976
Israel,ISR,2017,0.8613959
Israel,ISR,2018,0.93563265
Israel,ISR,2019,1.3628576
Israel,ISR,2020,1.8666741
Israel,ISR,2021,2.2241285
Israel,ISR,2022,2.4924123
Israel,ISR,2023,3.3430202
Israel,ISR,2024,4.1827
Israel,ISR,2025,5.435073
Italy,ITA,1965,9.180629
Italy,ITA,1966,8.907764
Italy,ITA,1967,7.8395925
Italy,ITA,1968,7.1874747
Italy,ITA,1969,6.372968
Italy,ITA,1970,6.0909696
Italy,ITA,1971,5.6788683
Italy,ITA,1972,5.508327
Italy,ITA,1973,4.8688703
Italy,ITA,1974,5.027808
Italy,ITA,1975,5.3918285
Italy,ITA,1976,4.9569507
Italy,ITA,1977,5.6591845
Italy,ITA,1978,5.339817
Italy,ITA,1979,4.8853292
Italy,ITA,1980,4.989583
Italy,ITA,1981,4.9490013
Italy,ITA,1982,5.7615952
Italy,ITA,1983,5.6565166
Italy,ITA,1984,5.91141
Italy,ITA,1985,5.6860695
Italy,ITA,1986,5.9210014
Italy,ITA,1987,4.21881
Italy,ITA,1988,4.211402
Italy,ITA,1989,3.7143586
Italy,ITA,1990,3.5777266
Italy,ITA,1991,4.0606894
Italy,ITA,1992,4.20827
Italy,ITA,1993,4.338488
Italy,ITA,1994,4.4400425
Italy,ITA,1995,3.8710394
Italy,ITA,1996,4.306371
Italy,ITA,1997,4.3250427
Italy,ITA,1998,4.3838296
Italy,ITA,1999,4.6890264
Italy,ITA,2000,4.768109
Italy,ITA,2001,4.9095283
Italy,ITA,2002,4.721953
Italy,ITA,2003,4.830059
Italy,ITA,2004,5.3105273
Italy,ITA,2005,4.9924064
Italy,ITA,2006,5.2371774
Italy,ITA,2007,5.202309
Italy,ITA,2008,6.164307
Italy,ITA,2009,7.636304
Italy,ITA,2010,8.105448
Italy,ITA,2011,8.899339
Italy,ITA,2012,9.920062
Italy,ITA,2013,12.17913
Italy,ITA,2014,13.375966
Italy,ITA,2015,12.642635
Italy,ITA,2016,12.594095
Italy,ITA,2017,12.171901
Italy,ITA,2018,12.891391
Italy,ITA,2019,13.149981
Italy,ITA,2020,14.688722
Italy,ITA,2021,13.550272
Italy,ITA,2022,12.448348
Italy,ITA,2023,13.9752035
Italy,ITA,2024,14.889669
Italy,ITA,2025,15.474362
Japan,JPN,1965,4.5244765
Japan,JPN,1966,4.2168565
Japan,JPN,1967,3.2053506
Japan,JPN,1968,3.1583507
Japan,JPN,1969,2.7603958
Japan,JPN,1970,2.801254
Japan,JPN,1971,3.2404158
Japan,JPN,1972,3.1674623
Japan,JPN,1973,2.418541
Japan,JPN,1974,3.6226044
Japan,JPN,1975,4.109483
Japan,JPN,1976,4.59128
Japan,JPN,1977,4.1966734
Japan,JPN,1978,6.0609517
Japan,JPN,1979,7.0579696
Japan,JPN,1980,8.42225
Japan,JPN,1981,8.939379
Japan,JPN,1982,10.851786
Japan,JPN,1983,11.601691
Japan,JPN,1984,12.305525
Japan,JPN,1985,14.117901
Japan,JPN,1986,14.5389385
Japan,JPN,1987,15.342962
Japan,JPN,1988,14.090795
Japan,JPN,1989,14.455713
Japan,JPN,1990,14.108053
Japan,JPN,1991,14.754812
Japan,JPN,1992,14.714732
Japan,JPN,1993,16.431433
Japan,JPN,1994,15.974294
Japan,JPN,1995,17.30724
Japan,JPN,1996,17.518883
Japan,JPN,1997,18.646788
Japan,JPN,1998,19.252699
Japan,JPN,1999,18.408382
Japan,JPN,2000,18.170628
Japan,JPN,2001,18.372568
Japan,JPN,2002,18.117086
Japan,JPN,2003,14.30363
Japan,JPN,2004,16.809805
Japan,JPN,2005,16.736326
Japan,JPN,2006,17.483133
Japan,JPN,2007,16.232851
Japan,JPN,2008,15.157566
Japan,JPN,2009,17.64474
Japan,JPN,2010,17.906155
Japan,JPN,2011,11.90967
Japan,JPN,2012,4.1852665
Japan,JPN,2013,4.2540236
Japan,JPN,2014,3.8350382
Japan,JPN,2015,4.7558203
Japan,JPN,2016,5.3339276
Japan,JPN,2017,6.2065587
Japan,JPN,2018,7.771475
Japan,JPN,2019,9.045163
Japan,JPN,2020,8.843089
Japan,JPN,2021,10.109384
Japan,JPN,2022,9.868022
Japan,JPN,2023,12.229938
Japan,JPN,2024,13.192844
Japan,JPN,2025,14.321519
Kazakhstan,KAZ,1985,0.6630529
Kazakhstan,KAZ,1986,0.5940905
Kazakhstan,KAZ,1987,0.6978475
Kazakhstan,KAZ,1988,0.8232304
Kazakhstan,KAZ,1989,0.90991586
Kazakhstan,KAZ,1990,0.8717055
Kazakhstan,KAZ,1991,1.0459803
Kazakhstan,KAZ,1992,0.9917148
Kazakhstan,KAZ,1993,1.2248033
Kazakhstan,KAZ,1994,1.5929415
Kazakhstan,KAZ,1995,1.4717808
Kazakhstan,KAZ,1996,1.4991624
Kazakhstan,KAZ,1997,1.657948
Kazakhstan,KAZ,1998,1.5222827
Kazakhstan,KAZ,1999,1.55256
Kazakhstan,KAZ,2000,2.1213677
Kazakhstan,KAZ,2001,2.0176005
Kazakhstan,KAZ,2002,2.1847744
Kazakhstan,KAZ,2003,1.9238192
Kazakhstan,KAZ,2004,1.6944891
Kazakhstan,KAZ,2005,1.6033036
Kazakhstan,KAZ,2006,1.4682906
Kazakhstan,KAZ,2007,1.3898045
Kazakhstan,KAZ,2008,1.1994649
Kazakhstan,KAZ,2009,1.2357515
Kazakhstan,KAZ,2010,1.3438315
Kazakhstan,KAZ,2011,1.1590759
Kazakhstan,KAZ,2012,1.0662208
Kazakhstan,KAZ,2013,1.0770649
Kazakhstan,KAZ,2014,1.0963877
Kazakhstan,KAZ,2015,1.524162
Kazakhstan,KAZ,2016,1.734562
Kazakhstan,KAZ,2017,1.5624121
Kazakhstan,KAZ,2018,1.414615
Kazakhstan,KAZ,2019,1.4229519
Kazakhstan,KAZ,2020,1.6671138
Kazakhstan,KAZ,2021,1.570345
Kazakhstan,KAZ,2022,1.6661131
Kazakhstan,KAZ,2023,1.7576728
Kazakhstan,KAZ,2024,2.0547085
Kazakhstan,KAZ,2025,1.9341304
Kuwait,KWT,1965,0
Kuwait,KWT,1966,0
Kuwait,KWT,1967,0
Kuwait,KWT,1968,0
Kuwait,KWT,1969,0
Kuwait,KWT,1970,0
Kuwait,KWT,1971,0
Kuwait,KWT,1972,0
Kuwait,KWT,1973,0
Kuwait,KWT,1974,0
Kuwait,KWT,1975,0
Kuwait,KWT,1976,0
Kuwait,KWT,1977,0
Kuwait,KWT,1978,0
Kuwait,KWT,1979,0
Kuwait,KWT,1980,0
Kuwait,KWT,1981,0
Kuwait,KWT,1982,0
Kuwait,KWT,1983,0
Kuwait,KWT,1984,0
Kuwait,KWT,1985,0
Kuwait,KWT,1986,0
Kuwait,KWT,1987,0
Kuwait,KWT,1988,0
Kuwait,KWT,1989,0
Kuwait,KWT,1990,0
Kuwait,KWT,1991,0
Kuwait,KWT,1992,0
Kuwait,KWT,1993,0
Kuwait,KWT,1994,0
Kuwait,KWT,1995,0
Kuwait,KWT,1996,0
Kuwait,KWT,1997,0
Kuwait,KWT,1998,0
Kuwait,KWT,1999,0
Kuwait,KWT,2000,0
Kuwait,KWT,2001,0
Kuwait,KWT,2002,0
Kuwait,KWT,2003,0
Kuwait,KWT,2004,0
Kuwait,KWT,2005,0
Kuwait,KWT,2006,0
Kuwait,KWT,2007,0
Kuwait,KWT,2008,0
Kuwait,KWT,2009,0
Kuwait,KWT,2010,0
Kuwait,KWT,2011,0
Kuwait,KWT,2012,0
Kuwait,KWT,2013,0.00004058617
Kuwait,KWT,2014,0.0007495874
Kuwait,KWT,2015,0.0010860238
Kuwait,KWT,2016,0.010474929
Kuwait,KWT,2017,0.011397117
Kuwait,KWT,2018,0.012258961
Kuwait,KWT,2019,0.015700577
Kuwait,KWT,2020,0.016634924
Kuwait,KWT,2021,0.04597991
Kuwait,KWT,2022,0.036670852
Kuwait,KWT,2023,0.03418689
Kuwait,KWT,2024,0.03120967
Kuwait,KWT,2025,0.019319171
Latvia,LVA,1985,2.965054
Latvia,LVA,1986,3.230246
Latvia,LVA,1987,4.4629154
Latvia,LVA,1988,3.7896035
Latvia,LVA,1989,4.6245856
Latvia,LVA,1990,5.2484884
Latvia,LVA,1991,4.4402995
Latvia,LVA,1992,4.5645633
Latvia,LVA,1993,5.9711003
Latvia,LVA,1994,7.126251
Latvia,LVA,1995,7.296968
Latvia,LVA,1996,4.757578
Latvia,LVA,1997,8.051867
Latvia,LVA,1998,11.438413
Latvia,LVA,1999,8.118456
Latvia,LVA,2000,8.538081
Latvia,LVA,2001,7.9616485
Latvia,LVA,2002,6.7230597
Latvia,LVA,2003,6.3831286
Latvia,LVA,2004,8.1301
Latvia,LVA,2005,8.572607
Latvia,LVA,2006,6.9415636
Latvia,LVA,2007,6.8106694
Latvia,LVA,2008,7.854358
Latvia,LVA,2009,9.253716
Latvia,LVA,2010,9.323848
Latvia,LVA,2011,9.149795
Latvia,LVA,2012,12.447765
Latvia,LVA,2013,12.226649
Latvia,LVA,2014,11.794581
Latvia,LVA,2015,12.001988
Latvia,LVA,2016,13.115828
Latvia,LVA,2017,17.957136
Latvia,LVA,2018,14.769159
Latvia,LVA,2019,13.260436
Latvia,LVA,2020,16.31086
Latvia,LVA,2021,15.7326565
Latvia,LVA,2022,16.868967
Latvia,LVA,2023,19.13866
Latvia,LVA,2024,19.850252
Latvia,LVA,2025,19.89502
Lithuania,LTU,1985,16.02161
Lithuania,LTU,1986,18.065863
Lithuania,LTU,1987,16.04241
Lithuania,LTU,1988,21.189392
Lithuania,LTU,1989,25.292688
Lithuania,LTU,1990,26.205984
Lithuania,LTU,1991,24.789446
Lithuania,LTU,1992,33.44253
Lithuania,LTU,1993,35.75308
Lithuania,LTU,1994,26.536175
Lithuania,LTU,1995,35.867836
Lithuania,LTU,1996,38.581013
Lithuania,LTU,1997,35.949245
Lithuania,LTU,1998,37.84286
Lithuania,LTU,1999,33.942337
Lithuania,LTU,2000,32.534824
Lithuania,LTU,2001,37.73665
Lithuania,LTU,2002,42.986767
Lithuania,LTU,2003,44.82817
Lithuania,LTU,2004,43.36143
Lithuania,LTU,2005,33.02185
Lithuania,LTU,2006,29.415802
Lithuania,LTU,2007,30.72413
Lithuania,LTU,2008,31.38816
Lithuania,LTU,2009,37.054985
Lithuania,LTU,2010,2.6680937
Lithuania,LTU,2011,2.916074
Lithuania,LTU,2012,3.4797041
Lithuania,LTU,2013,4.7620077
Lithuania,LTU,2014,5.1599517
Lithuania,LTU,2015,5.449732
Lithuania,LTU,2016,5.801414
Lithuania,LTU,2017,6.688294
Lithuania,LTU,2018,6.181361
Lithuania,LTU,2019,6.5702105
Lithuania,LTU,2020,7.4299603
Lithuania,LTU,2021,8.200354
Lithuania,LTU,2022,9.563763
Lithuania,LTU,2023,11.756759
Lithuania,LTU,2024,15.046816
Lithuania,LTU,2025,18.281628
Lower-middle-income countries,OWID_LMC,1965,2.6962678
Lower-middle-income countries,OWID_LMC,1966,2.695579
Lower-middle-income countries,OWID_LMC,1967,2.9435291
Lower-middle-income countries,OWID_LMC,1968,3.3331928
Lower-middle-income countries,OWID_LMC,1969,3.7807827
Lower-middle-income countries,OWID_LMC,1970,4.2071185
Lower-middle-income countries,OWID_LMC,1971,4.505921
Lower-middle-income countries,OWID_LMC,1972,4.310276
Lower-middle-income countries,OWID_LMC,1973,4.58264
Lower-middle-income countries,OWID_LMC,1974,4.3918333
Lower-middle-income countries,OWID_LMC,1975,4.8495307
Lower-middle-income countries,OWID_LMC,1976,4.95658
Lower-middle-income countries,OWID_LMC,1977,4.9148655
Lower-middle-income countries,OWID_LMC,1978,5.620539
Lower-middle-income countries,OWID_LMC,1979,5.2320175
Lower-middle-income countries,OWID_LMC,1980,5.02553
Lower-middle-income countries,OWID_LMC,1981,4.8273263
Lower-middle-income countries,OWID_LMC,1982,4.308791
Lower-middle-income countries,OWID_LMC,1983,4.3147154
Lower-middle-income countries,OWID_LMC,1984,4.54587
Lower-middle-income countries,OWID_LMC,1985,3.9199655
Lower-middle-income countries,OWID_LMC,1986,3.8726723
Lower-middle-income countries,OWID_LMC,1987,3.8976707
Lower-middle-income countries,OWID_LMC,1988,4.027661
Lower-middle-income countries,OWID_LMC,1989,3.8450067
Lower-middle-income countries,OWID_LMC,1990,3.992881
Lower-middle-income countries,OWID_LMC,1991,4.1942706
Lower-middle-income countries,OWID_LMC,1992,4.1057763
Lower-middle-income countries,OWID_LMC,1993,4.066758
Lower-middle-income countries,OWID_LMC,1994,4.1187925
Lower-middle-income countries,OWID_LMC,1995,3.9653032
Lower-middle-income countries,OWID_LMC,1996,3.88229
Lower-middle-income countries,OWID_LMC,1997,3.7953775
Lower-middle-income countries,OWID_LMC,1998,4.087067
Lower-middle-income countries,OWID_LMC,1999,4.0066304
Lower-middle-income countries,OWID_LMC,2000,3.9706392
Lower-middle-income countries,OWID_LMC,2001,4.0263557
Lower-middle-income countries,OWID_LMC,2002,3.8861175
Lower-middle-income countries,OWID_LMC,2003,3.9141934
Lower-middle-income countries,OWID_LMC,2004,4.4802084
Lower-middle-income countries,OWID_LMC,2005,4.2339535
Lower-middle-income countries,OWID_LMC,2006,4.380121
Lower-middle-income countries,OWID_LMC,2007,4.368514
Lower-middle-income countries,OWID_LMC,2008,4.05816
Lower-middle-income countries,OWID_LMC,2009,3.892561
Lower-middle-income countries,OWID_LMC,2010,4.078158
Lower-middle-income countries,OWID_LMC,2011,4.631799
Lower-middle-income countries,OWID_LMC,2012,4.3695345
Lower-middle-income countries,OWID_LMC,2013,4.536342
Lower-middle-income countries,OWID_LMC,2014,4.6061707
Lower-middle-income countries,OWID_LMC,2015,4.4309597
Lower-middle-income countries,OWID_LMC,2016,4.314628
Lower-middle-income countries,OWID_LMC,2017,4.4356704
Lower-middle-income countries,OWID_LMC,2018,4.6673603
Lower-middle-income countries,OWID_LMC,2019,5.1484103
Lower-middle-income countries,OWID_LMC,2020,5.7024264
Lower-middle-income countries,OWID_LMC,2021,5.565853
Lower-middle-income countries,OWID_LMC,2022,6.0304866
Lower-middle-income countries,OWID_LMC,2023,5.9189878
Lower-middle-income countries,OWID_LMC,2024,6.2986827
Lower-middle-income countries,OWID_LMC,2025,7.095003
Luxembourg,LUX,1965,0.20754664
Luxembourg,LUX,1966,0.19485979
Luxembourg,LUX,1967,0.2234155
Luxembourg,LUX,1968,0.21093135
Luxembourg,LUX,1969,0.17042075
Luxembourg,LUX,1970,0.18145512
Luxembourg,LUX,1971,0.10651558
Luxembourg,LUX,1972,0.12183883
Luxembourg,LUX,1973,0.10143261
Luxembourg,LUX,1974,0.14767076
Luxembourg,LUX,1975,0.15360829
Luxembourg,LUX,1976,0.0965238
Luxembourg,LUX,1977,0.29979867
Luxembourg,LUX,1978,0.29353943
Luxembourg,LUX,1979,0.3091086
Luxembourg,LUX,1980,0.33951113
Luxembourg,LUX,1981,0.44282025
Luxembourg,LUX,1982,0.43923938
Luxembourg,LUX,1983,0.45564958
Luxembourg,LUX,1984,0.45881325
Luxembourg,LUX,1985,0.38619173
Luxembourg,LUX,1986,0.4383362
Luxembourg,LUX,1987,0.5627288
Luxembourg,LUX,1988,0.53200585
Luxembourg,LUX,1989,0.36492687
Luxembourg,LUX,1990,0.29150867
Luxembourg,LUX,1991,0.31776848
Luxembourg,LUX,1992,0.26480266
Luxembourg,LUX,1993,0.27595145
Luxembourg,LUX,1994,0.33907953
Luxembourg,LUX,1995,0.43564296
Luxembourg,LUX,1996,0.3071138
Luxembourg,LUX,1997,0.40388244
Luxembourg,LUX,1998,0.5428522
Luxembourg,LUX,1999,0.46204293
Luxembourg,LUX,2000,0.585256
Luxembourg,LUX,2001,0.5562864
Luxembourg,LUX,2002,0.47562516
Luxembourg,LUX,2003,0.46263194
Luxembourg,LUX,2004,0.547087
Luxembourg,LUX,2005,0.5795642
Luxembourg,LUX,2006,0.69779384
Luxembourg,LUX,2007,1.8155458
Luxembourg,LUX,2008,1.8836261
Luxembourg,LUX,2009,1.9037073
Luxembourg,LUX,2010,1.8339796
Luxembourg,LUX,2011,1.9842675
Luxembourg,LUX,2012,2.1946824
Luxembourg,LUX,2013,2.6151083
Luxembourg,LUX,2014,3.2639651
Luxembourg,LUX,2015,3.8316584
Luxembourg,LUX,2016,4.182728
Luxembourg,LUX,2017,5.1125965
Luxembourg,LUX,2018,5.5087056
Luxembourg,LUX,2019,6.14409
Luxembourg,LUX,2020,8.516706
Luxembourg,LUX,2021,7.9705205
Luxembourg,LUX,2022,8.785919
Luxembourg,LUX,2023,9.556388
Luxembourg,LUX,2024,10.244354
Luxembourg,LUX,2025,9.638266
Malaysia,MYS,1965,1.837956
Malaysia,MYS,1966,1.8744116
Malaysia,MYS,1967,1.8269668
Malaysia,MYS,1968,1.9643625
Malaysia,MYS,1969,2.270986
Malaysia,MYS,1970,2.8680007
Malaysia,MYS,1971,2.2069738
Malaysia,MYS,1972,2.1850357
Malaysia,MYS,1973,1.9835775
Malaysia,MYS,1974,1.7692702
Malaysia,MYS,1975,1.7118809
Malaysia,MYS,1976,1.4386595
Malaysia,MYS,1977,0.9891299
Malaysia,MYS,1978,0.87338114
Malaysia,MYS,1979,0.9280289
Malaysia,MYS,1980,1.1374253
Malaysia,MYS,1981,1.2213861
Malaysia,MYS,1982,1.095081
Malaysia,MYS,1983,1.1103324
Malaysia,MYS,1984,2.0702407
Malaysia,MYS,1985,2.2907057
Malaysia,MYS,1986,2.2816863
Malaysia,MYS,1987,2.686992
Malaysia,MYS,1988,2.9623559
Malaysia,MYS,1989,2.4216921
Malaysia,MYS,1990,1.727584
Malaysia,MYS,1991,1.5177151
Malaysia,MYS,1992,1.290316
Malaysia,MYS,1993,1.4572304
Malaysia,MYS,1994,1.8467455
Malaysia,MYS,1995,1.6117885
Malaysia,MYS,1996,1.21045
Malaysia,MYS,1997,0.82261467
Malaysia,MYS,1998,0.9157236
Malaysia,MYS,1999,1.4674069
Malaysia,MYS,2000,1.46014
Malaysia,MYS,2001,1.2713507
Malaysia,MYS,2002,1.0236259
Malaysia,MYS,2003,0.9017553
Malaysia,MYS,2004,0.9617564
Malaysia,MYS,2005,0.9471421
Malaysia,MYS,2006,0.9958068
Malaysia,MYS,2007,0.9694983
Malaysia,MYS,2008,1.1667244
Malaysia,MYS,2009,1.2536863
Malaysia,MYS,2010,1.1112098
Malaysia,MYS,2011,1.360632
Malaysia,MYS,2012,1.4818481
Malaysia,MYS,2013,1.6387968
Malaysia,MYS,2014,1.7874752
Malaysia,MYS,2015,1.9252988
Malaysia,MYS,2016,2.386264
Malaysia,MYS,2017,2.9651322
Malaysia,MYS,2018,3.099417
Malaysia,MYS,2019,3.2308636
Malaysia,MYS,2020,3.6816266
Malaysia,MYS,2021,3.8907876
Malaysia,MYS,2022,4.1430316
Malaysia,MYS,2023,4.4746456
Malaysia,MYS,2024,4.6586676
Malaysia,MYS,2025,4.7409277
Mexico,MEX,1965,3.2114599
Mexico,MEX,1966,3.4795787
Mexico,MEX,1967,3.7347116
Mexico,MEX,1968,3.950324
Mexico,MEX,1969,3.8064473
Mexico,MEX,1970,4.004887
Mexico,MEX,1971,3.676902
Mexico,MEX,1972,3.5363195
Mexico,MEX,1973,3.7808173
Mexico,MEX,1974,4.0389953
Mexico,MEX,1975,3.5749037
Mexico,MEX,1976,3.8137476
Mexico,MEX,1977,3.9524088
Mexico,MEX,1978,3.0614166
Mexico,MEX,1979,3.5067863
Mexico,MEX,1980,2.9620888
Mexico,MEX,1981,3.565537
Mexico,MEX,1982,3.557327
Mexico,MEX,1983,3.4202702
Mexico,MEX,1984,3.6219122
Mexico,MEX,1985,4.1115594
Mexico,MEX,1986,5.0989795
Mexico,MEX,1987,5.6124043
Mexico,MEX,1988,6.000984
Mexico,MEX,1989,6.134481
Mexico,MEX,1990,6.3482485
Mexico,MEX,1991,6.571663
Mexico,MEX,1992,7.0245633
Mexico,MEX,1993,7.308846
Mexico,MEX,1994,6.094781
Mexico,MEX,1995,7.692631
Mexico,MEX,1996,7.649406
Mexico,MEX,1997,7.493001
Mexico,MEX,1998,6.9492416
Mexico,MEX,1999,7.553658
Mexico,MEX,2000,7.22866
Mexico,MEX,2001,6.9569016
Mexico,MEX,2002,6.5970235
Mexico,MEX,2003,6.9098334
Mexico,MEX,2004,6.8081536
Mexico,MEX,2005,7.3047347
Mexico,MEX,2006,6.913078
Mexico,MEX,2007,6.9139953
Mexico,MEX,2008,7.0842714
Mexico,MEX,2009,6.463529
Mexico,MEX,2010,6.6566896
Mexico,MEX,2011,6.7206335
Mexico,MEX,2012,6.0905013
Mexico,MEX,2013,6.449019
Mexico,MEX,2014,6.974035
Mexico,MEX,2015,6.9851403
Mexico,MEX,2016,6.685622
Mexico,MEX,2017,6.374622
Mexico,MEX,2018,6.728646
Mexico,MEX,2019,6.6711745
Mexico,MEX,2020,7.816191
Mexico,MEX,2021,7.963284
Mexico,MEX,2022,7.697042
Mexico,MEX,2023,7.0684137
Mexico,MEX,2024,7.1114926
Mexico,MEX,2025,7.0895057
Middle East (EI),,1965,0.4391447
Middle East (EI),,1966,0.45853233
Middle East (EI),,1967,0.48216414
Middle East (EI),,1968,0.49753627
Middle East (EI),,1969,0.5180163
Middle East (EI),,1970,0.5116681
Middle East (EI),,1971,0.49878052
Middle East (EI),,1972,0.5643854
Middle East (EI),,1973,0.41906983
Middle East (EI),,1974,0.5064697
Middle East (EI),,1975,0.5765165
Middle East (EI),,1976,0.5947725
Middle East (EI),,1977,0.586256
Middle East (EI),,1978,0.7673395
Middle East (EI),,1979,0.641472
Middle East (EI),,1980,0.66966987
Middle East (EI),,1981,0.6494704
Middle East (EI),,1982,0.6109766
Middle East (EI),,1983,0.53500056
Middle East (EI),,1984,0.4801349
Middle East (EI),,1985,0.4562855
Middle East (EI),,1986,0.4615515
Middle East (EI),,1987,0.5453629
Middle East (EI),,1988,0.5294388
Middle East (EI),,1989,0.44316307
Middle East (EI),,1990,0.5159114
Middle East (EI),,1991,0.3581935
Middle East (EI),,1992,0.53034717
Middle East (EI),,1993,0.5807703
Middle East (EI),,1994,0.43026257
Middle East (EI),,1995,0.4706521
Middle East (EI),,1996,0.45741433
Middle East (EI),,1997,0.37017068
Middle East (EI),,1998,0.38965532
Middle East (EI),,1999,0.26246455
Middle East (EI),,2000,0.22650677
Middle East (EI),,2001,0.23352344
Middle East (EI),,2002,0.32114857
Middle East (EI),,2003,0.33997276
Middle East (EI),,2004,0.39131576
Middle East (EI),,2005,0.38362423
Middle East (EI),,2006,0.42934802
Middle East (EI),,2007,0.38811845
Middle East (EI),,2008,0.18735686
Middle East (EI),,2009,0.16607785
Middle East (EI),,2010,0.22004274
Middle East (EI),,2011,0.22834857
Middle East (EI),,2012,0.3050539
Middle East (EI),,2013,0.4153018
Middle East (EI),,2014,0.3664005
Middle East (EI),,2015,0.31043896
Middle East (EI),,2016,0.43980378
Middle East (EI),,2017,0.46671295
Middle East (EI),,2018,0.41437334
Middle East (EI),,2019,0.7149986
Middle East (EI),,2020,0.71813697
Middle East (EI),,2021,0.8070856
Middle East (EI),,2022,1.206852
Middle East (EI),,2023,1.7093253
Middle East (EI),,2024,1.9209119
Middle East (EI),,2025,1.9748417
Morocco,MAR,1965,7.883211
Morocco,MAR,1966,4.9431357
Morocco,MAR,1967,4.0848823
Morocco,MAR,1968,4.3393
Morocco,MAR,1969,5.1952286
Morocco,MAR,1970,4.852028
Morocco,MAR,1971,5.1867676
Morocco,MAR,1972,5.0241365
Morocco,MAR,1973,3.2726157
Morocco,MAR,1974,3.44462
Morocco,MAR,1975,2.5322878
Morocco,MAR,1976,2.2844746
Morocco,MAR,1977,2.8133175
Morocco,MAR,1978,2.7459877
Morocco,MAR,1979,2.7509763
Morocco,MAR,1980,2.6206234
Morocco,MAR,1981,1.798185
Morocco,MAR,1982,0.95924735
Morocco,MAR,1983,0.78300726
Morocco,MAR,1984,0.58571553
Morocco,MAR,1985,0.75522506
Morocco,MAR,1986,0.97017354
Morocco,MAR,1987,1.2141184
Morocco,MAR,1988,1.3062574
Morocco,MAR,1989,1.4723319
Morocco,MAR,1990,1.5180126
Morocco,MAR,1991,1.5060586
Morocco,MAR,1992,1.0490488
Morocco,MAR,1993,0.4717838
Morocco,MAR,1994,0.8170367
Morocco,MAR,1995,0.6034204
Morocco,MAR,1996,1.8947804
Morocco,MAR,1997,1.9416953
Morocco,MAR,1998,1.6047446
Morocco,MAR,1999,0.70586723
Morocco,MAR,2000,0.67452747
Morocco,MAR,2001,0.85560465
Morocco,MAR,2002,0.8087183
Morocco,MAR,2003,1.2916632
Morocco,MAR,2004,1.2330381
Morocco,MAR,2005,0.73583966
Morocco,MAR,2006,0.717357
Morocco,MAR,2007,0.73322254
Morocco,MAR,2008,0.68233526
Morocco,MAR,2009,1.7359391
Morocco,MAR,2010,2.1993928
Morocco,MAR,2011,1.3488293
Morocco,MAR,2012,1.1546539
Morocco,MAR,2013,1.9316444
Morocco,MAR,2014,1.6883128
Morocco,MAR,2015,2.0666602
Morocco,MAR,2016,2.161022
Morocco,MAR,2017,2.049932
Morocco,MAR,2018,2.805343
Morocco,MAR,2019,2.999375
Morocco,MAR,2020,3.020663
Morocco,MAR,2021,3.0212324
Morocco,MAR,2022,2.8024957
Morocco,MAR,2023,3.4308176
Morocco,MAR,2024,4.3010077
Morocco,MAR,2025,4.1735153
Netherlands,NLD,1965,0
Netherlands,NLD,1966,0
Netherlands,NLD,1967,0
Netherlands,NLD,1968,0.016180178
Netherlands,NLD,1969,0.16321273
Netherlands,NLD,1970,0.16899595
Netherlands,NLD,1971,0.17637035
Netherlands,NLD,1972,0.12223182
Netherlands,NLD,1973,0.39046332
Netherlands,NLD,1974,1.2160711
Netherlands,NLD,1975,1.5229568
Netherlands,NLD,1976,1.6008129
Netherlands,NLD,1977,1.5727257
Netherlands,NLD,1978,1.7752064
Netherlands,NLD,1979,1.4982517
Netherlands,NLD,1980,1.8136564
Netherlands,NLD,1981,1.7366135
Netherlands,NLD,1982,1.6483755
Netherlands,NLD,1983,1.5058457
Netherlands,NLD,1984,1.4155155
Netherlands,NLD,1985,1.5973471
Netherlands,NLD,1986,1.6724036
Netherlands,NLD,1987,1.4632682
Netherlands,NLD,1988,1.5464499
Netherlands,NLD,1989,1.683529
Netherlands,NLD,1990,1.3749105
Netherlands,NLD,1991,1.2980955
Netherlands,NLD,1992,1.4595321
Netherlands,NLD,1993,1.5228028
Netherlands,NLD,1994,1.5533676
Netherlands,NLD,1995,1.5620049
Netherlands,NLD,1996,1.6173768
Netherlands,NLD,1997,1.1856511
Netherlands,NLD,1998,1.6415288
Netherlands,NLD,1999,1.720695
Netherlands,NLD,2000,1.8128701
Netherlands,NLD,2001,1.8623525
Netherlands,NLD,2002,1.9934038
Netherlands,NLD,2003,1.9188088
Netherlands,NLD,2004,2.077581
Netherlands,NLD,2005,2.6539116
Netherlands,NLD,2006,2.609615
Netherlands,NLD,2007,2.829109
Netherlands,NLD,2008,3.1665695
Netherlands,NLD,2009,3.6649537
Netherlands,NLD,2010,3.4566193
Netherlands,NLD,2011,3.8863828
Netherlands,NLD,2012,3.9487455
Netherlands,NLD,2013,3.4937232
Netherlands,NLD,2014,3.8408008
Netherlands,NLD,2015,3.9285724
Netherlands,NLD,2016,3.8620343
Netherlands,NLD,2017,3.9686892
Netherlands,NLD,2018,4.508049
Netherlands,NLD,2019,5.482975
Netherlands,NLD,2020,7.6063933
Netherlands,NLD,2021,8.626195
Netherlands,NLD,2022,10.408163
Netherlands,NLD,2023,11.128028
Netherlands,NLD,2024,11.527858
Netherlands,NLD,2025,11.995075
New Zealand,NZL,1965,31.220848
New Zealand,NZL,1966,30.826872
New Zealand,NZL,1967,29.109243
New Zealand,NZL,1968,31.01634
New Zealand,NZL,1969,30.44417
New Zealand,NZL,1970,28.181787
New Zealand,NZL,1971,29.416588
New Zealand,NZL,1972,28.586683
New Zealand,NZL,1973,26.898554
New Zealand,NZL,1974,29.93959
New Zealand,NZL,1975,31.661413
New Zealand,NZL,1976,28.318605
New Zealand,NZL,1977,26.043482
New Zealand,NZL,1978,27.8052
New Zealand,NZL,1979,30.377949
New Zealand,NZL,1980,32.383427
New Zealand,NZL,1981,32.326717
New Zealand,NZL,1982,29.193087
New Zealand,NZL,1983,29.892712
New Zealand,NZL,1984,29.46903
New Zealand,NZL,1985,27.482235
New Zealand,NZL,1986,28.194567
New Zealand,NZL,1987,27.598845
New Zealand,NZL,1988,27.485733
New Zealand,NZL,1989,29.009104
New Zealand,NZL,1990,29.904116
New Zealand,NZL,1991,29.834133
New Zealand,NZL,1992,27.869894
New Zealand,NZL,1993,29.766094
New Zealand,NZL,1994,29.35407
New Zealand,NZL,1995,29.310614
New Zealand,NZL,1996,27.526527
New Zealand,NZL,1997,25.546741
New Zealand,NZL,1998,28.379288
New Zealand,NZL,1999,27.251646
New Zealand,NZL,2000,27.757612
New Zealand,NZL,2001,25.404463
New Zealand,NZL,2002,26.391712
New Zealand,NZL,2003,26.037792
New Zealand,NZL,2004,28.217928
New Zealand,NZL,2005,27.732166
New Zealand,NZL,2006,28.522861
New Zealand,NZL,2007,29.549055
New Zealand,NZL,2008,30.886194
New Zealand,NZL,2009,34.89582
New Zealand,NZL,2010,37.73931
New Zealand,NZL,2011,39.043476
New Zealand,NZL,2012,37.889145
New Zealand,NZL,2013,38.714928
New Zealand,NZL,2014,39.542263
New Zealand,NZL,2015,41.035614
New Zealand,NZL,2016,41.79745
New Zealand,NZL,2017,40.57719
New Zealand,NZL,2018,41.212738
New Zealand,NZL,2019,40.32589
New Zealand,NZL,2020,43.3974
New Zealand,NZL,2021,44.514027
New Zealand,NZL,2022,46.71862
New Zealand,NZL,2023,45.071293
New Zealand,NZL,2024,47.556335
New Zealand,NZL,2025,50.463364
North America,OWID_NAM,1965,2.2103515
North America,OWID_NAM,1966,2.2210894
North America,OWID_NAM,1967,2.3708336
North America,OWID_NAM,1968,2.3580644
North America,OWID_NAM,1969,2.4884303
North America,OWID_NAM,1970,2.5572467
North America,OWID_NAM,1971,2.9188955
North America,OWID_NAM,1972,3.1721983
North America,OWID_NAM,1973,3.6042588
North America,OWID_NAM,1974,4.3156714
North America,OWID_NAM,1975,5.1912303
North America,OWID_NAM,1976,5.2196574
North America,OWID_NAM,1977,5.725144
North America,OWID_NAM,1978,6.3153644
North America,OWID_NAM,1979,6.042836
North America,OWID_NAM,1980,6.2165604
North America,OWID_NAM,1981,6.705501
North America,OWID_NAM,1982,7.291251
North America,OWID_NAM,1983,7.772964
North America,OWID_NAM,1984,7.9343596
North America,OWID_NAM,1985,8.684189
North America,OWID_NAM,1986,9.203544
North America,OWID_NAM,1987,9.314617
North America,OWID_NAM,1988,9.718165
North America,OWID_NAM,1989,9.618484
North America,OWID_NAM,1990,10.270662
North America,OWID_NAM,1991,10.864156
North America,OWID_NAM,1992,10.597954
North America,OWID_NAM,1993,10.598345
North America,OWID_NAM,1994,10.751344
North America,OWID_NAM,1995,11.121394
North America,OWID_NAM,1996,10.935708
North America,OWID_NAM,1997,10.283645
North America,OWID_NAM,1998,10.364696
North America,OWID_NAM,1999,10.83954
North America,OWID_NAM,2000,10.664363
North America,OWID_NAM,2001,10.734045
North America,OWID_NAM,2002,10.915308
North America,OWID_NAM,2003,10.735756
North America,OWID_NAM,2004,10.933059
North America,OWID_NAM,2005,11.013713
North America,OWID_NAM,2006,11.349599
North America,OWID_NAM,2007,11.331799
North America,OWID_NAM,2008,11.960123
North America,OWID_NAM,2009,12.594141
North America,OWID_NAM,2010,12.394901
North America,OWID_NAM,2011,12.803812
North America,OWID_NAM,2012,12.837768
North America,OWID_NAM,2013,13.050185
North America,OWID_NAM,2014,13.129639
North America,OWID_NAM,2015,13.283158
North America,OWID_NAM,2016,13.749782
North America,OWID_NAM,2017,14.0386505
North America,OWID_NAM,2018,13.732839
North America,OWID_NAM,2019,13.972227
North America,OWID_NAM,2020,15.118045
North America,OWID_NAM,2021,14.581166
North America,OWID_NAM,2022,14.638844
North America,OWID_NAM,2023,14.884009
North America,OWID_NAM,2024,15.195093
North America,OWID_NAM,2025,15.159271
North America (EI),,1965,2.4527116
North America (EI),,1966,2.4630742
North America (EI),,1967,2.6133668
North America (EI),,1968,2.61517
North America (EI),,1969,2.7520106
North America (EI),,1970,2.8114786
North America (EI),,1971,3.1790864
North America (EI),,1972,3.4883766
North America (EI),,1973,3.961114
North America (EI),,1974,4.728824
North America (EI),,1975,5.654285
North America (EI),,1976,5.7209735
North America (EI),,1977,6.239104
North America (EI),,1978,6.8274207
North America (EI),,1979,6.5974064
North America (EI),,1980,6.828552
North America (EI),,1981,7.387546
North America (EI),,1982,7.981911
North America (EI),,1983,8.559126
North America (EI),,1984,8.820591
North America (EI),,1985,9.626685
North America (EI),,1986,10.28274
North America (EI),,1987,10.470446
North America (EI),,1988,10.819998
North America (EI),,1989,10.911794
North America (EI),,1990,11.719595
North America (EI),,1991,12.3915825
North America (EI),,1992,12.181216
North America (EI),,1993,12.209423
North America (EI),,1994,12.30324
North America (EI),,1995,12.591764
North America (EI),,1996,12.406414
North America (EI),,1997,11.759011
North America (EI),,1998,11.851403
North America (EI),,1999,12.311017
North America (EI),,2000,12.148637
North America (EI),,2001,12.262301
North America (EI),,2002,12.495682
North America (EI),,2003,12.3282995
North America (EI),,2004,12.528544
North America (EI),,2005,12.630574
North America (EI),,2006,12.985413
North America (EI),,2007,12.967682
North America (EI),,2008,13.618267
North America (EI),,2009,14.341914
North America (EI),,2010,14.142622
North America (EI),,2011,14.575036
North America (EI),,2012,14.6405735
North America (EI),,2013,14.860823
North America (EI),,2014,14.958407
North America (EI),,2015,15.14453
North America (EI),,2016,15.623658
North America (EI),,2017,15.884914
North America (EI),,2018,15.477443
North America (EI),,2019,15.703454
North America (EI),,2020,16.924353
North America (EI),,2021,16.27875
North America (EI),,2022,16.288439
North America (EI),,2023,16.528276
North America (EI),,2024,16.779716
North America (EI),,2025,16.70133
North Macedonia,MKD,1990,1.7108797
North Macedonia,MKD,1991,3.051688
North Macedonia,MKD,1992,2.9673777
North Macedonia,MKD,1993,1.7841321
North Macedonia,MKD,1994,2.566308
North Macedonia,MKD,1995,2.9575107
North Macedonia,MKD,1996,2.6884375
North Macedonia,MKD,1997,3.1855779
North Macedonia,MKD,1998,3.4051707
North Macedonia,MKD,1999,4.6633105
North Macedonia,MKD,2000,4.09692
North Macedonia,MKD,2001,2.2508667
North Macedonia,MKD,2002,2.813192
North Macedonia,MKD,2003,4.679066
North Macedonia,MKD,2004,5.147895
North Macedonia,MKD,2005,5.0060644
North Macedonia,MKD,2006,5.4745984
North Macedonia,MKD,2007,3.2546875
North Macedonia,MKD,2008,2.823038
North Macedonia,MKD,2009,4.476259
North Macedonia,MKD,2010,8.235085
North Macedonia,MKD,2011,4.597349
North Macedonia,MKD,2012,3.5430012
North Macedonia,MKD,2013,5.8583026
North Macedonia,MKD,2014,5.0292196
North Macedonia,MKD,2015,7.9528055
North Macedonia,MKD,2016,7.878949
North Macedonia,MKD,2017,5.125416
North Macedonia,MKD,2018,7.6134944
North Macedonia,MKD,2019,5.0336056
North Macedonia,MKD,2020,6.2716546
North Macedonia,MKD,2021,6.7064805
North Macedonia,MKD,2022,6.064671
North Macedonia,MKD,2023,8.076271
North Macedonia,MKD,2024,9.734736
North Macedonia,MKD,2025,12.980875
Norway,NOR,1965,41.680313
Norway,NOR,1966,38.99452
Norway,NOR,1967,40.265892
Norway,NOR,1968,40.8596
Norway,NOR,1969,37.42594
Norway,NOR,1970,35.083626
Norway,NOR,1971,37.513233
Norway,NOR,1972,37.849403
Norway,NOR,1973,39.187393
Norway,NOR,1974,42.166885
Norway,NOR,1975,41.78535
Norway,NOR,1976,41.074986
Norway,NOR,1977,37.821526
Norway,NOR,1978,37.729107
Norway,NOR,1979,39.486607
Norway,NOR,1980,38.840626
Norway,NOR,1981,42.487667
Norway,NOR,1982,43.13155
Norway,NOR,1983,46.367863
Norway,NOR,1984,45.458622
Norway,NOR,1985,43.558514
Norway,NOR,1986,40.697475
Norway,NOR,1987,42.308937
Norway,NOR,1988,44.093956
Norway,NOR,1989,45.841038
Norway,NOR,1990,46.446365
Norway,NOR,1991,45.19982
Norway,NOR,1992,46.20322
Norway,NOR,1993,45.99971
Norway,NOR,1994,43.0613
Norway,NOR,1995,44.745396
Norway,NOR,1996,38.918568
Norway,NOR,1997,39.531414
Norway,NOR,1998,40.368263
Norway,NOR,1999,41.85152
Norway,NOR,2000,46.33593
Norway,NOR,2001,41.590706
Norway,NOR,2002,43.669643
Norway,NOR,2003,37.600758
Norway,NOR,2004,38.469795
Norway,NOR,2005,44.25054
Norway,NOR,2006,41.030487
Norway,NOR,2007,43.51013
Norway,NOR,2008,45.54104
Norway,NOR,2009,43.63661
Norway,NOR,2010,40.844116
Norway,NOR,2011,41.578094
Norway,NOR,2012,45.704464
Norway,NOR,2013,43.71449
Norway,NOR,2014,45.32914
Norway,NOR,2015,45.961926
Norway,NOR,2016,47.355762
Norway,NOR,2017,46.43194
Norway,NOR,2018,46.440357
Norway,NOR,2019,44.689735
Norway,NOR,2020,49.704548
Norway,NOR,2021,50.517017
Norway,NOR,2022,48.476463
Norway,NOR,2023,50.3907
Norway,NOR,2024,52.66382
Norway,NOR,2025,53.089813
OECD (EI),,1965,2.9860184
OECD (EI),,1966,3.0811336
OECD (EI),,1967,3.0888727
OECD (EI),,1968,3.0768178
OECD (EI),,1969,3.0675032
OECD (EI),,1970,3.0983684
OECD (EI),,1971,3.3479505
OECD (EI),,1972,3.578374
OECD (EI),,1973,3.7252777
OECD (EI),,1974,4.410121
OECD (EI),,1975,5.169102
OECD (EI),,1976,5.176757
OECD (EI),,1977,5.706733
OECD (EI),,1978,6.238076
OECD (EI),,1979,6.3085494
OECD (EI),,1980,6.793055
OECD (EI),,1981,7.730422
OECD (EI),,1982,8.454883
OECD (EI),,1983,9.270311
OECD (EI),,1984,10.09244
OECD (EI),,1985,11.184032
OECD (EI),,1986,11.814757
OECD (EI),,1987,12.1438675
OECD (EI),,1988,12.480509
OECD (EI),,1989,12.660849
OECD (EI),,1990,13.1534815
OECD (EI),,1991,13.624681
OECD (EI),,1992,13.633448
OECD (EI),,1993,14.027753
OECD (EI),,1994,13.980047
OECD (EI),,1995,14.273065
OECD (EI),,1996,14.180672
OECD (EI),,1997,14.042462
OECD (EI),,1998,14.218196
OECD (EI),,1999,14.454451
OECD (EI),,2000,14.380255
OECD (EI),,2001,14.582746
OECD (EI),,2002,14.694529
OECD (EI),,2003,14.22632
OECD (EI),,2004,14.647162
OECD (EI),,2005,14.746
OECD (EI),,2006,15.017897
OECD (EI),,2007,14.788891
OECD (EI),,2008,15.232841
OECD (EI),,2009,16.048634
OECD (EI),,2010,16.047535
OECD (EI),,2011,15.914185
OECD (EI),,2012,15.450477
OECD (EI),,2013,15.696091
OECD (EI),,2014,16.099583
OECD (EI),,2015,16.319582
OECD (EI),,2016,16.505335
OECD (EI),,2017,16.57802
OECD (EI),,2018,16.691887
OECD (EI),,2019,17.242785
OECD (EI),,2020,18.416578
OECD (EI),,2021,18.060074
OECD (EI),,2022,17.79859
OECD (EI),,2023,18.67582
OECD (EI),,2024,19.252954
OECD (EI),,2025,19.334984
Oceania,OWID_OCE,1965,6.602912
Oceania,OWID_OCE,1966,6.3821287
Oceania,OWID_OCE,1967,5.795673
Oceania,OWID_OCE,1968,5.9258313
Oceania,OWID_OCE,1969,5.8654714
Oceania,OWID_OCE,1970,5.6790266
Oceania,OWID_OCE,1971,5.8781176
Oceania,OWID_OCE,1972,5.741422
Oceania,OWID_OCE,1973,5.4624305
Oceania,OWID_OCE,1974,5.9040236
Oceania,OWID_OCE,1975,6.174582
Oceania,OWID_OCE,1976,5.629975
Oceania,OWID_OCE,1977,5.0945897
Oceania,OWID_OCE,1978,5.2298913
Oceania,OWID_OCE,1979,5.2020736
Oceania,OWID_OCE,1980,5.2869816
Oceania,OWID_OCE,1981,5.2393274
Oceania,OWID_OCE,1982,5.0260835
Oceania,OWID_OCE,1983,5.1251655
Oceania,OWID_OCE,1984,5.244106
Oceania,OWID_OCE,1985,4.997053
Oceania,OWID_OCE,1986,5.195882
Oceania,OWID_OCE,1987,4.9988947
Oceania,OWID_OCE,1988,5.0254235
Oceania,OWID_OCE,1989,5.184097
Oceania,OWID_OCE,1990,5.424523
Oceania,OWID_OCE,1991,5.6206975
Oceania,OWID_OCE,1992,5.360068
Oceania,OWID_OCE,1993,5.5904593
Oceania,OWID_OCE,1994,5.4383388
Oceania,OWID_OCE,1995,5.3717356
Oceania,OWID_OCE,1996,5.1514463
Oceania,OWID_OCE,1997,4.885934
Oceania,OWID_OCE,1998,5.137218
Oceania,OWID_OCE,1999,4.9916363
Oceania,OWID_OCE,2000,5.1165996
Oceania,OWID_OCE,2001,4.772242
Oceania,OWID_OCE,2002,4.9599667
Oceania,OWID_OCE,2003,4.8887777
Oceania,OWID_OCE,2004,5.2224736
Oceania,OWID_OCE,2005,5.4358263
Oceania,OWID_OCE,2006,5.443768
Oceania,OWID_OCE,2007,5.457585
Oceania,OWID_OCE,2008,5.5340495
Oceania,OWID_OCE,2009,6.1242166
Oceania,OWID_OCE,2010,6.85865
Oceania,OWID_OCE,2011,7.4733233
Oceania,OWID_OCE,2012,7.574188
Oceania,OWID_OCE,2013,8.052163
Oceania,OWID_OCE,2014,8.188555
Oceania,OWID_OCE,2015,8.509112
Oceania,OWID_OCE,2016,8.9939575
Oceania,OWID_OCE,2017,8.782129
Oceania,OWID_OCE,2018,9.362842
Oceania,OWID_OCE,2019,9.409585
Oceania,OWID_OCE,2020,10.560348
Oceania,OWID_OCE,2021,11.525348
Oceania,OWID_OCE,2022,11.920218
Oceania,OWID_OCE,2023,12.36455
Oceania,OWID_OCE,2024,12.912254
Oceania,OWID_OCE,2025,14.076145
Oman,OMN,1965,0
Oman,OMN,1966,0
Oman,OMN,1967,0
Oman,OMN,1968,0
Oman,OMN,1969,0
Oman,OMN,1970,0
Oman,OMN,1971,0
Oman,OMN,1972,0
Oman,OMN,1973,0
Oman,OMN,1974,0
Oman,OMN,1975,0
Oman,OMN,1976,0
Oman,OMN,1977,0
Oman,OMN,1978,0
Oman,OMN,1979,0
Oman,OMN,1980,0
Oman,OMN,1981,0
Oman,OMN,1982,0
Oman,OMN,1983,0
Oman,OMN,1984,0
Oman,OMN,1985,0
Oman,OMN,1986,0
Oman,OMN,1987,0
Oman,OMN,1988,0
Oman,OMN,1989,0
Oman,OMN,1990,0
Oman,OMN,1991,0
Oman,OMN,1992,0
Oman,OMN,1993,0
Oman,OMN,1994,0
Oman,OMN,1995,0
Oman,OMN,1996,0
Oman,OMN,1997,0
Oman,OMN,1998,0
Oman,OMN,1999,0
Oman,OMN,2000,0
Oman,OMN,2001,0
Oman,OMN,2002,0
Oman,OMN,2003,0
Oman,OMN,2004,0
Oman,OMN,2005,0
Oman,OMN,2006,0
Oman,OMN,2007,0
Oman,OMN,2008,0
Oman,OMN,2009,0
Oman,OMN,2010,0
Oman,OMN,2011,0
Oman,OMN,2012,0
Oman,OMN,2013,0.00037781257
Oman,OMN,2014,0.0003797872
Oman,OMN,2015,0.0010965621
Oman,OMN,2016,0.0012360855
Oman,OMN,2017,0.004429806
Oman,OMN,2018,0.0041574202
Oman,OMN,2019,0.006755944
Oman,OMN,2020,0.044274833
Oman,OMN,2021,0.20281059
Oman,OMN,2022,0.4645438
Oman,OMN,2023,0.51688576
Oman,OMN,2024,0.5373742
Oman,OMN,2025,1.0544049
Pakistan,PAK,1965,2.818623
Pakistan,PAK,1966,2.7965078
Pakistan,PAK,1967,3.0049207
Pakistan,PAK,1968,3.192539
Pakistan,PAK,1969,3.3627906
Pakistan,PAK,1970,3.0043006
Pakistan,PAK,1971,4.398935
Pakistan,PAK,1972,5.664738
Pakistan,PAK,1973,6.1588144
Pakistan,PAK,1974,6.145742
Pakistan,PAK,1975,6.7913804
Pakistan,PAK,1976,6.872353
Pakistan,PAK,1977,6.8121085
Pakistan,PAK,1978,7.4082174
Pakistan,PAK,1979,7.0239763
Pakistan,PAK,1980,6.6451015
Pakistan,PAK,1981,6.6035028
Pakistan,PAK,1982,6.780836
Pakistan,PAK,1983,7.491979
Pakistan,PAK,1984,7.395387
Pakistan,PAK,1985,7.368304
Pakistan,PAK,1986,7.4578333
Pakistan,PAK,1987,7.6067696
Pakistan,PAK,1988,7.336242
Pakistan,PAK,1989,6.897635
Pakistan,PAK,1990,6.7455916
Pakistan,PAK,1991,6.7899942
Pakistan,PAK,1992,7.179848
Pakistan,PAK,1993,6.946853
Pakistan,PAK,1994,6.709914
Pakistan,PAK,1995,6.6418886
Pakistan,PAK,1996,6.63003
Pakistan,PAK,1997,5.1212254
Pakistan,PAK,1998,6.2200313
Pakistan,PAK,1999,5.037813
Pakistan,PAK,2000,5.169352
Pakistan,PAK,2001,5.925105
Pakistan,PAK,2002,6.118206
Pakistan,PAK,2003,6.6019416
Pakistan,PAK,2004,6.45497
Pakistan,PAK,2005,6.5641103
Pakistan,PAK,2006,6.0725236
Pakistan,PAK,2007,5.865039
Pakistan,PAK,2008,4.872448
Pakistan,PAK,2009,5.2488585
Pakistan,PAK,2010,5.3805137
Pakistan,PAK,2011,6.0720825
Pakistan,PAK,2012,6.2165475
Pakistan,PAK,2013,6.1883965
Pakistan,PAK,2014,6.4311905
Pakistan,PAK,2015,6.0778904
Pakistan,PAK,2016,6.386462
Pakistan,PAK,2017,6.7356324
Pakistan,PAK,2018,7.015513
Pakistan,PAK,2019,7.828608
Pakistan,PAK,2020,8.653065
Pakistan,PAK,2021,9.549174
Pakistan,PAK,2022,12.601368
Pakistan,PAK,2023,14.543557
Pakistan,PAK,2024,15.635273
Pakistan,PAK,2025,17.560677
Peru,PER,1965,5.263731
Peru,PER,1966,4.5883737
Peru,PER,1967,5.0958376
Peru,PER,1968,5.3987656
Peru,PER,1969,5.88417
Peru,PER,1970,5.4050884
Peru,PER,1971,7.3803835
Peru,PER,1972,8.649084
Peru,PER,1973,8.083283
Peru,PER,1974,7.681855
Peru,PER,1975,7.564741
Peru,PER,1976,7.765184
Peru,PER,1977,7.9996
Peru,PER,1978,8.15025
Peru,PER,1979,8.304615
Peru,PER,1980,7.8046556
Peru,PER,1981,8.510933
Peru,PER,1982,9.16208
Peru,PER,1983,10.293207
Peru,PER,1984,10.469226
Peru,PER,1985,11.752278
Peru,PER,1986,11.596813
Peru,PER,1987,11.366871
Peru,PER,1988,11.196513
Peru,PER,1989,12.528887
Peru,PER,1990,12.578279
Peru,PER,1991,14.222033
Peru,PER,1992,11.961346
Peru,PER,1993,13.500139
Peru,PER,1994,13.396131
Peru,PER,1995,12.37996
Peru,PER,1996,12.339762
Peru,PER,1997,12.565728
Peru,PER,1998,12.670191
Peru,PER,1999,13.10725
Peru,PER,2000,14.398623
Peru,PER,2001,16.182096
Peru,PER,2002,16.338663
Peru,PER,2003,17.171951
Peru,PER,2004,14.55559
Peru,PER,2005,14.681118
Peru,PER,2006,16.664259
Peru,PER,2007,15.05288
Peru,PER,2008,13.461485
Peru,PER,2009,14.230829
Peru,PER,2010,12.84844
Peru,PER,2011,12.360758
Peru,PER,2012,12.796428
Peru,PER,2013,13.193142
Peru,PER,2014,13.262065
Peru,PER,2015,13.196659
Peru,PER,2016,12.07223
Peru,PER,2017,14.390241
Peru,PER,2018,14.865878
Peru,PER,2019,14.754583
Peru,PER,2020,16.743597
Peru,PER,2021,15.268901
Peru,PER,2022,13.93047
Peru,PER,2023,13.755999
Peru,PER,2024,14.344398
Peru,PER,2025,15.181015
Philippines,PHL,1965,2.6064603
Philippines,PHL,1966,2.3048215
Philippines,PHL,1967,2.345022
Philippines,PHL,1968,2.0406137
Philippines,PHL,1969,1.9970376
Philippines,PHL,1970,2.2711883
Philippines,PHL,1971,1.940244
Philippines,PHL,1972,2.0955513
Philippines,PHL,1973,2.0212777
Philippines,PHL,1974,1.8656836
Philippines,PHL,1975,1.900592
Philippines,PHL,1976,2.2677684
Philippines,PHL,1977,1.5854163
Philippines,PHL,1978,2.041894
Philippines,PHL,1979,6.1700125
Philippines,PHL,1980,15.356295
Philippines,PHL,1981,24.372282
Philippines,PHL,1982,24.42732
Philippines,PHL,1983,27.032045
Philippines,PHL,1984,32.725273
Philippines,PHL,1985,36.316628
Philippines,PHL,1986,34.647408
Philippines,PHL,1987,30.16926
Philippines,PHL,1988,29.925903
Philippines,PHL,1989,29.403475
Philippines,PHL,1990,28.885199
Philippines,PHL,1991,29.105305
Philippines,PHL,1992,26.685167
Philippines,PHL,1993,24.882584
Philippines,PHL,1994,26.553497
Philippines,PHL,1995,23.287516
Philippines,PHL,1996,23.338964
Philippines,PHL,1997,22.922022
Philippines,PHL,1998,26.611904
Philippines,PHL,1999,31.110107
Philippines,PHL,2000,33.018692
Philippines,PHL,2001,30.801985
Philippines,PHL,2002,30.19315
Philippines,PHL,2003,28.84414
Philippines,PHL,2004,29.514105
Philippines,PHL,2005,28.6147
Philippines,PHL,2006,31.593712
Philippines,PHL,2007,29.650993
Philippines,PHL,2008,30.452007
Philippines,PHL,2009,29.506641
Philippines,PHL,2010,27.400578
Philippines,PHL,2011,27.74075
Philippines,PHL,2012,27.973688
Philippines,PHL,2013,25.216394
Philippines,PHL,2014,25.183386
Philippines,PHL,2015,24.687923
Philippines,PHL,2016,23.327606
Philippines,PHL,2017,20.946497
Philippines,PHL,2018,20.714666
Philippines,PHL,2019,20.203947
Philippines,PHL,2020,21.957716
Philippines,PHL,2021,20.408895
Philippines,PHL,2022,20.275932
Philippines,PHL,2023,19.143948
Philippines,PHL,2024,18.545906
Philippines,PHL,2025,19.130802
Poland,POL,1965,0.1258935
Poland,POL,1966,0.12808812
Poland,POL,1967,0.1342081
Poland,POL,1968,0.13122532
Poland,POL,1969,0.11392005
Poland,POL,1970,0.19805944
Poland,POL,1971,0.18454292
Poland,POL,1972,0.19251
Poland,POL,1973,0.19518399
Poland,POL,1974,0.2514602
Poland,POL,1975,0.21616392
Poland,POL,1976,0.17153491
Poland,POL,1977,0.20650522
Poland,POL,1978,0.1955779
Poland,POL,1979,0.17788398
Poland,POL,1980,0.2079497
Poland,POL,1981,0.21961378
Poland,POL,1982,0.17212845
Poland,POL,1983,0.20144577
Poland,POL,1984,0.1714377
Poland,POL,1985,0.20885472
Poland,POL,1986,0.17705896
Poland,POL,1987,0.14458072
Poland,POL,1988,0.13639715
Poland,POL,1989,0.13101313
Poland,POL,1990,0.1337131
Poland,POL,1991,0.14409725
Poland,POL,1992,0.16218485
Poland,POL,1993,0.14719018
Poland,POL,1994,0.17316207
Poland,POL,1995,0.18692778
Poland,POL,1996,0.20056985
Poland,POL,1997,0.21433204
Poland,POL,1998,0.2750537
Poland,POL,1999,0.25920153
Poland,POL,2000,0.27383745
Poland,POL,2001,0.3664321
Poland,POL,2002,0.3666197
Poland,POL,2003,0.34110776
Poland,POL,2004,0.48030588
Poland,POL,2005,0.7058195
Poland,POL,2006,0.8424864
Poland,POL,2007,1.0654138
Poland,POL,2008,1.6952474
Poland,POL,2009,2.3736656
Poland,POL,2010,2.7102385
Poland,POL,2011,3.1647341
Poland,POL,2012,4.137544
Poland,POL,2013,3.8623652
Poland,POL,2014,4.500261
Poland,POL,2015,4.6142783
Poland,POL,2016,3.9338424
Poland,POL,2017,3.761958
Poland,POL,2018,3.8035007
Poland,POL,2019,4.5371647
Poland,POL,2020,5.1583614
Poland,POL,2021,4.974529
Poland,POL,2022,5.816345
Poland,POL,2023,7.2201915
Poland,POL,2024,8.00657
Poland,POL,2025,8.331193
Portugal,PRT,1965,10.953425
Portugal,PRT,1966,13.308097
Portugal,PRT,1967,12.74329
Portugal,PRT,1968,11.9471655
Portugal,PRT,1969,13.778997
Portugal,PRT,1970,9.722481
Portugal,PRT,1971,9.101356
Portugal,PRT,1972,9.506365
Portugal,PRT,1973,9.078988
Portugal,PRT,1974,9.188091
Portugal,PRT,1975,7.641354
Portugal,PRT,1976,5.7529244
Portugal,PRT,1977,10.763183
Portugal,PRT,1978,11.087891
Portugal,PRT,1979,10.842974
Portugal,PRT,1980,7.951953
Portugal,PRT,1981,5.113169
Portugal,PRT,1982,6.4829006
Portugal,PRT,1983,7.347118
Portugal,PRT,1984,8.496555
Portugal,PRT,1985,9.550048
Portugal,PRT,1986,7.26351
Portugal,PRT,1987,7.592137
Portugal,PRT,1988,9.060396
Portugal,PRT,1989,4.2528143
Portugal,PRT,1990,6.112097
Portugal,PRT,1991,5.990053
Portugal,PRT,1992,3.5886154
Portugal,PRT,1993,5.568377
Portugal,PRT,1994,6.6160097
Portugal,PRT,1995,5.1501555
Portugal,PRT,1996,8.129213
Portugal,PRT,1997,7.274584
Portugal,PRT,1998,6.5897927
Portugal,PRT,1999,4.3251796
Portugal,PRT,2000,5.9652815
Portugal,PRT,2001,7.1487317
Portugal,PRT,2002,4.823728
Portugal,PRT,2003,7.768409
Portugal,PRT,2004,5.8121533
Portugal,PRT,2005,4.267288
Portugal,PRT,2006,7.6446652
Portugal,PRT,2007,8.563515
Portugal,PRT,2008,8.238728
Portugal,PRT,2009,10.288504
Portugal,PRT,2010,15.105033
Portugal,PRT,2011,13.980375
Portugal,PRT,2012,12.635985
Portugal,PRT,2013,16.561508
Portugal,PRT,2014,17.519163
Portugal,PRT,2015,14.355488
Portugal,PRT,2016,16.493715
Portugal,PRT,2017,12.549013
Portugal,PRT,2018,15.680396
Portugal,PRT,2019,15.42336
Portugal,PRT,2020,19.104193
Portugal,PRT,2021,20.2806
Portugal,PRT,2022,18.341745
Portugal,PRT,2023,21.929983
Portugal,PRT,2024,25.266365
Portugal,PRT,2025,24.591345
Qatar,QAT,1965,0
Qatar,QAT,1966,0
Qatar,QAT,1967,0
Qatar,QAT,1968,0
Qatar,QAT,1969,0
Qatar,QAT,1970,0
Qatar,QAT,1971,0
Qatar,QAT,1972,0
Qatar,QAT,1973,0
Qatar,QAT,1974,0
Qatar,QAT,1975,0
Qatar,QAT,1976,0
Qatar,QAT,1977,0
Qatar,QAT,1978,0
Qatar,QAT,1979,0
Qatar,QAT,1980,0
Qatar,QAT,1981,0
Qatar,QAT,1982,0
Qatar,QAT,1983,0
Qatar,QAT,1984,0
Qatar,QAT,1985,0
Qatar,QAT,1986,0
Qatar,QAT,1987,0
Qatar,QAT,1988,0
Qatar,QAT,1989,0
Qatar,QAT,1990,0
Qatar,QAT,1991,0
Qatar,QAT,1992,0
Qatar,QAT,1993,0
Qatar,QAT,1994,0
Qatar,QAT,1995,0
Qatar,QAT,1996,0
Qatar,QAT,1997,0
Qatar,QAT,1998,0
Qatar,QAT,1999,0
Qatar,QAT,2000,0
Qatar,QAT,2001,0
Qatar,QAT,2002,0
Qatar,QAT,2003,0
Qatar,QAT,2004,0
Qatar,QAT,2005,0
Qatar,QAT,2006,0
Qatar,QAT,2007,0
Qatar,QAT,2008,0
Qatar,QAT,2009,0
Qatar,QAT,2010,0
Qatar,QAT,2011,0.0076322397
Qatar,QAT,2012,0.0066911615
Qatar,QAT,2013,0.048688114
Qatar,QAT,2014,0.060917903
Qatar,QAT,2015,0.06183018
Qatar,QAT,2016,0.064863555
Qatar,QAT,2017,0.07075905
Qatar,QAT,2018,0.07256286
Qatar,QAT,2019,0.0625488
Qatar,QAT,2020,0.08069568
Qatar,QAT,2021,0.07589289
Qatar,QAT,2022,0.11933704
Qatar,QAT,2023,0.37801272
Qatar,QAT,2024,0.38103244
Qatar,QAT,2025,0.6256037
Romania,ROU,1965,0.36313823
Romania,ROU,1966,0.35055703
Romania,ROU,1967,0.44884372
Romania,ROU,1968,0.446384
Romania,ROU,1969,0.5522162
Romania,ROU,1970,0.6500477
Romania,ROU,1971,0.9994023
Romania,ROU,1972,1.5659866
Romania,ROU,1973,1.476751
Romania,ROU,1974,1.6525385
Romania,ROU,1975,1.674024
Romania,ROU,1976,1.3367361
Romania,ROU,1977,1.4563959
Romania,ROU,1978,1.5383002
Romania,ROU,1979,1.6138031
Romania,ROU,1980,1.787118
Romania,ROU,1981,1.7973334
Romania,ROU,1982,1.6836262
Romania,ROU,1983,1.4287758
Romania,ROU,1984,1.6300305
Romania,ROU,1985,1.8423977
Romania,ROU,1986,1.5248379
Romania,ROU,1987,1.5246583
Romania,ROU,1988,1.9907874
Romania,ROU,1989,1.8342261
Romania,ROU,1990,1.6098396
Romania,ROU,1991,2.4772482
Romania,ROU,1992,2.2292764
Romania,ROU,1993,2.5149813
Romania,ROU,1994,2.6956956
Romania,ROU,1995,3.27191
Romania,ROU,1996,3.7787359
Romania,ROU,1997,6.8618584
Romania,ROU,1998,7.849413
Romania,ROU,1999,8.644362
Romania,ROU,2000,7.9069047
Romania,ROU,2001,7.6552744
Romania,ROU,2002,7.849616
Romania,ROU,2003,6.5185075
Romania,ROU,2004,7.754931
Romania,ROU,2005,8.731166
Romania,ROU,2006,8.137087
Romania,ROU,2007,9.395528
Romania,ROU,2008,12.274383
Romania,ROU,2009,14.017093
Romania,ROU,2010,15.643148
Romania,ROU,2011,14.169769
Romania,ROU,2012,14.001564
Romania,ROU,2013,16.889439
Romania,ROU,2014,18.410788
Romania,ROU,2015,18.776157
Romania,ROU,2016,19.04239
Romania,ROU,2017,17.916006
Romania,ROU,2018,18.283983
Romania,ROU,2019,18.316967
Romania,ROU,2020,19.464676
Romania,ROU,2021,18.760714
Romania,ROU,2022,19.261726
Romania,ROU,2023,21.116352
Romania,ROU,2024,19.732756
Romania,ROU,2025,19.867718
Russia,RUS,1985,4.974108
Russia,RUS,1986,5.127629
Russia,RUS,1987,5.5434966
Russia,RUS,1988,5.7351503
Russia,RUS,1989,5.746237
Russia,RUS,1990,5.3803353
Russia,RUS,1991,5.523506
Russia,RUS,1992,5.787755
Russia,RUS,1993,6.2297626
Russia,RUS,1994,6.050661
Russia,RUS,1995,6.4834957
Russia,RUS,1996,6.800744
Russia,RUS,1997,7.2365932
Russia,RUS,1998,7.054018
Russia,RUS,1999,7.801155
Russia,RUS,2000,8.105992
Russia,RUS,2001,8.401209
Russia,RUS,2002,8.445852
Russia,RUS,2003,8.545744
Russia,RUS,2004,8.559316
Russia,RUS,2005,8.712777
Russia,RUS,2006,8.617067
Russia,RUS,2007,8.763678
Russia,RUS,2008,8.648462
Russia,RUS,2009,9.279129
Russia,RUS,2010,9.070923
Russia,RUS,2011,8.805494
Russia,RUS,2012,8.918569
Russia,RUS,2013,9.089056
Russia,RUS,2014,9.266186
Russia,RUS,2015,9.894341
Russia,RUS,2016,9.983966
Russia,RUS,2017,10.177797
Russia,RUS,2018,9.939551
Russia,RUS,2019,10.237516
Russia,RUS,2020,11.188437
Russia,RUS,2021,11.137475
Russia,RUS,2022,10.589745
Russia,RUS,2023,10.274831
Russia,RUS,2024,10.132815
Russia,RUS,2025,10.176702
Saudi Arabia,SAU,1965,0
Saudi Arabia,SAU,1966,0
Saudi Arabia,SAU,1967,0
Saudi Arabia,SAU,1968,0
Saudi Arabia,SAU,1969,0
Saudi Arabia,SAU,1970,0
Saudi Arabia,SAU,1971,0
Saudi Arabia,SAU,1972,0
Saudi Arabia,SAU,1973,0
Saudi Arabia,SAU,1974,0
Saudi Arabia,SAU,1975,0
Saudi Arabia,SAU,1976,0
Saudi Arabia,SAU,1977,0
Saudi Arabia,SAU,1978,0
Saudi Arabia,SAU,1979,0
Saudi Arabia,SAU,1980,0
Saudi Arabia,SAU,1981,0
Saudi Arabia,SAU,1982,0
Saudi Arabia,SAU,1983,0
Saudi Arabia,SAU,1984,0
Saudi Arabia,SAU,1985,0
Saudi Arabia,SAU,1986,0
Saudi Arabia,SAU,1987,0
Saudi Arabia,SAU,1988,0
Saudi Arabia,SAU,1989,0
Saudi Arabia,SAU,1990,0
Saudi Arabia,SAU,1991,0
Saudi Arabia,SAU,1992,0
Saudi Arabia,SAU,1993,0
Saudi Arabia,SAU,1994,0
Saudi Arabia,SAU,1995,0
Saudi Arabia,SAU,1996,0
Saudi Arabia,SAU,1997,0
Saudi Arabia,SAU,1998,0
Saudi Arabia,SAU,1999,0
Saudi Arabia,SAU,2000,0
Saudi Arabia,SAU,2001,0
Saudi Arabia,SAU,2002,0
Saudi Arabia,SAU,2003,0
Saudi Arabia,SAU,2004,0
Saudi Arabia,SAU,2005,0
Saudi Arabia,SAU,2006,0
Saudi Arabia,SAU,2007,0
Saudi Arabia,SAU,2008,0.000028612196
Saudi Arabia,SAU,2009,0.000027617329
Saudi Arabia,SAU,2010,0.0001668231
Saudi Arabia,SAU,2011,0.00021084888
Saudi Arabia,SAU,2012,0.00094456284
Saudi Arabia,SAU,2013,0.0015552074
Saudi Arabia,SAU,2014,0.0015650329
Saudi Arabia,SAU,2015,0.0015010762
Saudi Arabia,SAU,2016,0.001442908
Saudi Arabia,SAU,2017,0.0021954942
Saudi Arabia,SAU,2018,0.0052977903
Saudi Arabia,SAU,2019,0.007156169
Saudi Arabia,SAU,2020,0.03175184
Saudi Arabia,SAU,2021,0.033548843
Saudi Arabia,SAU,2022,0.06426564
Saudi Arabia,SAU,2023,0.14852746
Saudi Arabia,SAU,2024,0.33740965
Saudi Arabia,SAU,2025,0.59179294
Singapore,SGP,1965,0
Singapore,SGP,1966,0
Singapore,SGP,1967,0
Singapore,SGP,1968,0
Singapore,SGP,1969,0
Singapore,SGP,1970,0
Singapore,SGP,1971,0
Singapore,SGP,1972,0
Singapore,SGP,1973,0
Singapore,SGP,1974,0
Singapore,SGP,1975,0
Singapore,SGP,1976,0
Singapore,SGP,1977,0
Singapore,SGP,1978,0
Singapore,SGP,1979,0
Singapore,SGP,1980,0
Singapore,SGP,1981,0
Singapore,SGP,1982,0
Singapore,SGP,1983,0
Singapore,SGP,1984,0
Singapore,SGP,1985,0
Singapore,SGP,1986,0.15635076
Singapore,SGP,1987,0.14869615
Singapore,SGP,1988,0.1285207
Singapore,SGP,1989,0.11271292
Singapore,SGP,1990,0.09431908
Singapore,SGP,1991,0.2667949
Singapore,SGP,1992,0.24867848
Singapore,SGP,1993,0.2276172
Singapore,SGP,1994,0.19901794
Singapore,SGP,1995,0.19090301
Singapore,SGP,1996,0.1891828
Singapore,SGP,1997,0.17986782
Singapore,SGP,1998,0.17741412
Singapore,SGP,1999,0.17920549
Singapore,SGP,2000,0.16759966
Singapore,SGP,2001,0.28629795
Singapore,SGP,2002,0.2972712
Singapore,SGP,2003,0.33025557
Singapore,SGP,2004,0.28270224
Singapore,SGP,2005,0.26694646
Singapore,SGP,2006,0.23977552
Singapore,SGP,2007,0.23068626
Singapore,SGP,2008,0.22863066
Singapore,SGP,2009,0.21549849
Singapore,SGP,2010,0.21846871
Singapore,SGP,2011,0.21690121
Singapore,SGP,2012,0.2266158
Singapore,SGP,2013,0.2521105
Singapore,SGP,2014,0.26120645
Singapore,SGP,2015,0.2686891
Singapore,SGP,2016,0.25955975
Singapore,SGP,2017,0.24464431
Singapore,SGP,2018,0.24068627
Singapore,SGP,2019,0.2516575
Singapore,SGP,2020,0.2549255
Singapore,SGP,2021,0.26193407
Singapore,SGP,2022,0.3943033
Singapore,SGP,2023,0.35808745
Singapore,SGP,2024,0.3925614
Singapore,SGP,2025,0.40787753
Slovakia,SVK,1965,2.1690378
Slovakia,SVK,1966,2.001741
Slovakia,SVK,1967,1.6964227
Slovakia,SVK,1968,1.4027232
Slovakia,SVK,1969,1.0382855
Slovakia,SVK,1970,1.4262867
Slovakia,SVK,1971,0.99039406
Slovakia,SVK,1972,0.9921395
Slovakia,SVK,1973,1.2372358
Slovakia,SVK,1974,2.1652792
Slovakia,SVK,1975,1.4333782
Slovakia,SVK,1976,1.804891
Slovakia,SVK,1977,1.4123957
Slovakia,SVK,1978,1.1298534
Slovakia,SVK,1979,3.9535089
Slovakia,SVK,1980,7.4072413
Slovakia,SVK,1981,8.16867
Slovakia,SVK,1982,9.128791
Slovakia,SVK,1983,9.59875
Slovakia,SVK,1984,10.18486
Slovakia,SVK,1985,12.871074
Slovakia,SVK,1986,15.715164
Slovakia,SVK,1987,15.252904
Slovakia,SVK,1988,15.033909
Slovakia,SVK,1989,15.761385
Slovakia,SVK,1990,15.526003
Slovakia,SVK,1991,16.744696
Slovakia,SVK,1992,16.999441
Slovakia,SVK,1993,19.121529
Slovakia,SVK,1994,21.52201
Slovakia,SVK,1995,19.459898
Slovakia,SVK,1996,18.840939
Slovakia,SVK,1997,18.623056
Slovakia,SVK,1998,19.609413
Slovakia,SVK,1999,22.072546
Slovakia,SVK,2000,26.553679
Slovakia,SVK,2001,26.139387
Slovakia,SVK,2002,26.90495
Slovakia,SVK,2003,26.319569
Slovakia,SVK,2004,25.953777
Slovakia,SVK,2005,26.577452
Slovakia,SVK,2006,27.792667
Slovakia,SVK,2007,25.985092
Slovakia,SVK,2008,27.044653
Slovakia,SVK,2009,26.220064
Slovakia,SVK,2010,26.10383
Slovakia,SVK,2011,27.790648
Slovakia,SVK,2012,29.480515
Slovakia,SVK,2013,29.764475
Slovakia,SVK,2014,32.144917
Slovakia,SVK,2015,31.330395
Slovakia,SVK,2016,30.78702
Slovakia,SVK,2017,29.647858
Slovakia,SVK,2018,29.132488
Slovakia,SVK,2019,31.58697
Slovakia,SVK,2020,32.629177
Slovakia,SVK,2021,30.773989
Slovakia,SVK,2022,32.604656
Slovakia,SVK,2023,36.146175
Slovakia,SVK,2024,37.899246
Slovakia,SVK,2025,38.02068
Slovenia,SVN,1990,26.200073
Slovenia,SVN,1991,29.186338
Slovenia,SVN,1992,26.06248
Slovenia,SVN,1993,24.341808
Slovenia,SVN,1994,26.581089
Slovenia,SVN,1995,25.465141
Slovenia,SVN,1996,23.902721
Slovenia,SVN,1997,24.16059
Slovenia,SVN,1998,25.071798
Slovenia,SVN,1999,24.723867
Slovenia,SVN,2000,25.588203
Slovenia,SVN,2001,26.252113
Slovenia,SVN,2002,26.564646
Slovenia,SVN,2003,25.17626
Slovenia,SVN,2004,26.632868
Slovenia,SVN,2005,26.861475
Slovenia,SVN,2006,25.669975
Slovenia,SVN,2007,25.863049
Slovenia,SVN,2008,27.36307
Slovenia,SVN,2009,28.832159
Slovenia,SVN,2010,28.38019
Slovenia,SVN,2011,29.54999
Slovenia,SVN,2012,28.948011
Slovenia,SVN,2013,30.015919
Slovenia,SVN,2014,36.047703
Slovenia,SVN,2015,31.800318
Slovenia,SVN,2016,31.113567
Slovenia,SVN,2017,31.756393
Slovenia,SVN,2018,31.246801
Slovenia,SVN,2019,32.240925
Slovenia,SVN,2020,36.796524
Slovenia,SVN,2021,34.374382
Slovenia,SVN,2022,33.412724
Slovenia,SVN,2023,37.23202
Slovenia,SVN,2024,36.834473
Slovenia,SVN,2025,36.810307
South Africa,ZAF,1965,0.010447371
South Africa,ZAF,1966,0.010102186
South Africa,ZAF,1967,0.0070061227
South Africa,ZAF,1968,0.006127749
South Africa,ZAF,1969,0.0052073817
South Africa,ZAF,1970,0.0059321974
South Africa,ZAF,1971,0.024680082
South Africa,ZAF,1972,0.17843497
South Africa,ZAF,1973,0.1959508
South Africa,ZAF,1974,0.21900664
South Africa,ZAF,1975,0.2031872
South Africa,ZAF,1976,0.32686883
South Africa,ZAF,1977,0.33063716
South Africa,ZAF,1978,0.32750845
South Africa,ZAF,1979,0.1897624
South Africa,ZAF,1980,0.1540557
South Africa,ZAF,1981,0.22078526
South Africa,ZAF,1982,0.12594096
South Africa,ZAF,1983,0.07271273
South Africa,ZAF,1984,1.391218
South Africa,ZAF,1985,1.8297024
South Africa,ZAF,1986,3.0421507
South Africa,ZAF,1987,2.149858
South Africa,ZAF,1988,3.3674796
South Africa,ZAF,1989,3.666874
South Africa,ZAF,1990,2.5854933
South Africa,ZAF,1991,2.9103065
South Africa,ZAF,1992,2.8127954
South Africa,ZAF,1993,2.156223
South Africa,ZAF,1994,2.8490798
South Africa,ZAF,1995,3.1085815
South Africa,ZAF,1996,3.263233
South Africa,ZAF,1997,3.5106075
South Africa,ZAF,1998,3.8017104
South Africa,ZAF,1999,3.3950112
South Africa,ZAF,2000,3.540828
South Africa,ZAF,2001,2.9818933
South Africa,ZAF,2002,3.4763818
South Africa,ZAF,2003,3.4078038
South Africa,ZAF,2004,3.3799767
South Africa,ZAF,2005,2.7813725
South Africa,ZAF,2006,2.479469
South Africa,ZAF,2007,2.7319772
South Africa,ZAF,2008,2.9072192
South Africa,ZAF,2009,3.0222926
South Africa,ZAF,2010,3.033482
South Africa,ZAF,2011,3.1621647
South Africa,ZAF,2012,2.9396312
South Africa,ZAF,2013,3.1945152
South Africa,ZAF,2014,3.3656244
South Africa,ZAF,2015,3.2082028
South Africa,ZAF,2016,3.8613634
South Africa,ZAF,2017,4.1514077
South Africa,ZAF,2018,3.3021219
South Africa,ZAF,2019,3.8345666
South Africa,ZAF,2020,3.8577042
South Africa,ZAF,2021,4.247297
South Africa,ZAF,2022,4.3574123
South Africa,ZAF,2023,4.0907407
South Africa,ZAF,2024,4.0145545
South Africa,ZAF,2025,4.7317996
South Korea,KOR,1965,0.96753126
South Korea,KOR,1966,1.1090962
South Korea,KOR,1967,0.9306568
South Korea,KOR,1968,0.7897008
South Korea,KOR,1969,1.0092926
South Korea,KOR,1970,0.73946357
South Korea,KOR,1971,0.7390394
South Korea,KOR,1972,0.73879945
South Korea,KOR,1973,0.5588916
South Korea,KOR,1974,0.80131954
South Korea,KOR,1975,0.64154935
South Korea,KOR,1976,0.60915434
South Korea,KOR,1977,0.47480524
South Korea,KOR,1978,2.3315885
South Korea,KOR,1979,2.709426
South Korea,KOR,1980,2.7624724
South Korea,KOR,1981,2.4164782
South Korea,KOR,1982,2.783066
South Korea,KOR,1983,5.7285576
South Korea,KOR,1984,6.700997
South Korea,KOR,1985,8.681821
South Korea,KOR,1986,12.703073
South Korea,KOR,1987,15.857046
South Korea,KOR,1988,14.187017
South Korea,KOR,1989,15.493034
South Korea,KOR,1990,15.276153
South Korea,KOR,1991,14.168465
South Korea,KOR,1992,12.623558
South Korea,KOR,1993,11.924592
South Korea,KOR,1994,10.989788
South Korea,KOR,1995,11.557601
South Korea,KOR,1996,11.527452
South Korea,KOR,1997,10.974018
South Korea,KOR,1998,13.998098
South Korea,KOR,1999,14.721442
South Korea,KOR,2000,14.708811
South Korea,KOR,2001,14.666887
South Korea,KOR,2002,14.936537
South Korea,KOR,2003,15.806241
South Korea,KOR,2004,15.487156
South Korea,KOR,2005,16.785627
South Korea,KOR,2006,16.685932
South Korea,KOR,2007,15.670738
South Korea,KOR,2008,16.264387
South Korea,KOR,2009,15.867862
South Korea,KOR,2010,14.865681
South Korea,KOR,2011,14.813192
South Korea,KOR,2012,14.349881
South Korea,KOR,2013,13.434362
South Korea,KOR,2014,15.170602
South Korea,KOR,2015,15.823807
South Korea,KOR,2016,15.205817
South Korea,KOR,2017,14.126705
South Korea,KOR,2018,12.902262
South Korea,KOR,2019,14.357325
South Korea,KOR,2020,16.459421
South Korea,KOR,2021,15.840964
South Korea,KOR,2022,17.366617
South Korea,KOR,2023,18.211262
South Korea,KOR,2024,18.787535
South Korea,KOR,2025,18.730234
South and Central America (EI),,1965,3.9198546
South and Central America (EI),,1966,4.0707507
South and Central America (EI),,1967,4.131464
South and Central America (EI),,1968,4.118213
South and Central America (EI),,1969,4.238968
South and Central America (EI),,1970,4.879118
South and Central America (EI),,1971,5.370203
South and Central America (EI),,1972,5.572413
South and Central America (EI),,1973,5.5739474
South and Central America (EI),,1974,6.109974
South and Central America (EI),,1975,6.8022966
South and Central America (EI),,1976,7.1819086
South and Central America (EI),,1977,7.4634547
South and Central America (EI),,1978,8.119971
South and Central America (EI),,1979,8.652909
South and Central America (EI),,1980,9.371642
South and Central America (EI),,1981,9.611195
South and Central America (EI),,1982,10.425165
South and Central America (EI),,1983,11.73686
South and Central America (EI),,1984,12.895253
South and Central America (EI),,1985,14.01706
South and Central America (EI),,1986,14.225565
South and Central America (EI),,1987,14.692092
South and Central America (EI),,1988,14.642648
South and Central America (EI),,1989,14.935075
South and Central America (EI),,1990,15.542526
South and Central America (EI),,1991,15.994736
South and Central America (EI),,1992,15.706558
South and Central America (EI),,1993,16.05685
South and Central America (EI),,1994,15.997592
South and Central America (EI),,1995,15.829046
South and Central America (EI),,1996,15.801646
South and Central America (EI),,1997,15.716949
South and Central America (EI),,1998,15.367845
South and Central America (EI),,1999,15.591303
South and Central America (EI),,2000,15.296433
South and Central America (EI),,2001,14.950212
South and Central America (EI),,2002,15.53806
South and Central America (EI),,2003,16.134039
South and Central America (EI),,2004,15.706313
South and Central America (EI),,2005,15.970343
South and Central America (EI),,2006,15.966047
South and Central America (EI),,2007,16.30626
South and Central America (EI),,2008,16.84611
South and Central America (EI),,2009,17.85613
South and Central America (EI),,2010,17.710545
South and Central America (EI),,2011,17.695057
South and Central America (EI),,2012,17.14464
South and Central America (EI),,2013,17.11383
South and Central America (EI),,2014,17.140154
South and Central America (EI),,2015,17.817207
South and Central America (EI),,2016,18.457512
South and Central America (EI),,2017,19.092564
South and Central America (EI),,2018,20.543886
South and Central America (EI),,2019,21.25487
South and Central America (EI),,2020,23.298841
South and Central America (EI),,2021,21.381796
South and Central America (EI),,2022,22.139654
South and Central America (EI),,2023,23.025366
South and Central America (EI),,2024,24.045918
South and Central America (EI),,2025,24.714657
Spain,ESP,1965,6.586939
Spain,ESP,1966,8.298752
Spain,ESP,1967,6.1701617
Spain,ESP,1968,6.394754
Spain,ESP,1969,7.692632
Spain,ESP,1970,6.47126
Spain,ESP,1971,7.612967
Spain,ESP,1972,8.920822
Spain,ESP,1973,7.7163997
Spain,ESP,1974,7.984215
Spain,ESP,1975,7.1688013
Spain,ESP,1976,5.9365773
Spain,ESP,1977,8.154177
Spain,ESP,1978,8.674247
Spain,ESP,1979,8.504823
Spain,ESP,1980,5.5849347
Spain,ESP,1981,6.121634
Spain,ESP,1982,6.4446816
Spain,ESP,1983,7.065914
Spain,ESP,1984,11.819832
Spain,ESP,1985,13.634059
Spain,ESP,1986,15.790062
Spain,ESP,1987,16.564178
Spain,ESP,1988,19.804958
Spain,ESP,1989,18.36631
Spain,ESP,1990,18.606306
Spain,ESP,1991,18.554329
Spain,ESP,1992,16.759571
Spain,ESP,1993,18.089241
Spain,ESP,1994,17.518738
Spain,ESP,1995,16.425804
Spain,ESP,1996,17.866875
Spain,ESP,1997,16.491005
Spain,ESP,1998,16.581047
Spain,ESP,1999,14.914336
Spain,ESP,2000,15.466041
Spain,ESP,2001,16.304258
Spain,ESP,2002,14.74985
Spain,ESP,2003,15.561834
Spain,ESP,2004,14.972408
Spain,ESP,2005,12.927467
Spain,ESP,2006,14.032756
Spain,ESP,2007,13.528309
Spain,ESP,2008,15.24872
Spain,ESP,2009,16.628117
Spain,ESP,2010,20.219154
Spain,ESP,2011,19.268982
Spain,ESP,2012,20.674591
Spain,ESP,2013,21.652292
Spain,ESP,2014,22.116741
Spain,ESP,2015,20.595673
Spain,ESP,2016,21.523537
Spain,ESP,2017,19.808569
Spain,ESP,2018,20.832273
Spain,ESP,2019,21.140615
Spain,ESP,2020,25.501204
Spain,ESP,2021,24.367188
Spain,ESP,2022,23.397781
Spain,ESP,2023,25.888071
Spain,ESP,2024,25.831617
Spain,ESP,2025,25.57657
Sri Lanka,LKA,1965,3.7476199
Sri Lanka,LKA,1966,3.9898708
Sri Lanka,LKA,1967,4.00222
Sri Lanka,LKA,1968,4.4905915
Sri Lanka,LKA,1969,5.0587378
Sri Lanka,LKA,1970,4.0420814
Sri Lanka,LKA,1971,4.458404
Sri Lanka,LKA,1972,4.3533173
Sri Lanka,LKA,1973,3.394861
Sri Lanka,LKA,1974,5.934554
Sri Lanka,LKA,1975,6.163065
Sri Lanka,LKA,1976,6.4970236
Sri Lanka,LKA,1977,6.631669
Sri Lanka,LKA,1978,7.1857386
Sri Lanka,LKA,1979,7.327556
Sri Lanka,LKA,1980,7.3575006
Sri Lanka,LKA,1981,7.452869
Sri Lanka,LKA,1982,7.024674
Sri Lanka,LKA,1983,5.226037
Sri Lanka,LKA,1984,9.049068
Sri Lanka,LKA,1985,11.403411
Sri Lanka,LKA,1986,12.094103
Sri Lanka,LKA,1987,9.243061
Sri Lanka,LKA,1988,11.574608
Sri Lanka,LKA,1989,13.142797
Sri Lanka,LKA,1990,13.250942
Sri Lanka,LKA,1991,13.13502
Sri Lanka,LKA,1992,11.016434
Sri Lanka,LKA,1993,13.817644
Sri Lanka,LKA,1994,13.718522
Sri Lanka,LKA,1995,14.148928
Sri Lanka,LKA,1996,8.911531
Sri Lanka,LKA,1997,9.195813
Sri Lanka,LKA,1998,9.912746
Sri Lanka,LKA,1999,9.829047
Sri Lanka,LKA,2000,6.7868414
Sri Lanka,LKA,2001,6.7900453
Sri Lanka,LKA,2002,5.5994363
Sri Lanka,LKA,2003,6.820345
Sri Lanka,LKA,2004,6.211545
Sri Lanka,LKA,2005,6.278127
Sri Lanka,LKA,2006,8.063048
Sri Lanka,LKA,2007,6.5921755
Sri Lanka,LKA,2008,7.4308767
Sri Lanka,LKA,2009,6.9108725
Sri Lanka,LKA,2010,9.756764
Sri Lanka,LKA,2011,7.0988307
Sri Lanka,LKA,2012,4.9026637
Sri Lanka,LKA,2013,10.861553
Sri Lanka,LKA,2014,6.4308953
Sri Lanka,LKA,2015,8.130673
Sri Lanka,LKA,2016,5.2426095
Sri Lanka,LKA,2017,4.8725452
Sri Lanka,LKA,2018,7.28837
Sri Lanka,LKA,2019,5.813307
Sri Lanka,LKA,2020,6.943641
Sri Lanka,LKA,2021,9.848742
Sri Lanka,LKA,2022,10.952987
Sri Lanka,LKA,2023,9.702207
Sri Lanka,LKA,2024,10.665665
Sri Lanka,LKA,2025,12.373144
Sweden,SWE,1965,15.384423
Sweden,SWE,1966,13.824927
Sweden,SWE,1967,14.856153
Sweden,SWE,1968,13.446916
Sweden,SWE,1969,11.1599455
Sweden,SWE,1970,10.375046
Sweden,SWE,1971,13.409424
Sweden,SWE,1972,14.52465
Sweden,SWE,1973,15.951691
Sweden,SWE,1974,16.649769
Sweden,SWE,1975,22.64341
Sweden,SWE,1976,22.764696
Sweden,SWE,1977,25.288942
Sweden,SWE,1978,24.313839
Sweden,SWE,1979,22.257902
Sweden,SWE,1980,26.623138
Sweden,SWE,1981,33.580505
Sweden,SWE,1982,34.969513
Sweden,SWE,1983,39.65321
Sweden,SWE,1984,44.38706
Sweden,SWE,1985,45.044697
Sweden,SWE,1986,45.662186
Sweden,SWE,1987,49.13496
Sweden,SWE,1988,50.95022
Sweden,SWE,1989,51.07566
Sweden,SWE,1990,55.317734
Sweden,SWE,1991,57.36864
Sweden,SWE,1992,55.3026
Sweden,SWE,1993,54.052105
Sweden,SWE,1994,53.424416
Sweden,SWE,1995,53.754677
Sweden,SWE,1996,51.50609
Sweden,SWE,1997,53.68878
Sweden,SWE,1998,54.752117
Sweden,SWE,1999,55.297363
Sweden,SWE,2000,53.594574
Sweden,SWE,2001,56.32355
Sweden,SWE,2002,52.943604
Sweden,SWE,2003,51.255886
Sweden,SWE,2004,55.158993
Sweden,SWE,2005,56.21023
Sweden,SWE,2006,53.799168
Sweden,SWE,2007,55.52505
Sweden,SWE,2008,55.75342
Sweden,SWE,2009,55.28909
Sweden,SWE,2010,55.058437
Sweden,SWE,2011,58.29796
Sweden,SWE,2012,61.241493
Sweden,SWE,2013,61.20238
Sweden,SWE,2014,61.812298
Sweden,SWE,2015,62.25255
Sweden,SWE,2016,62.353943
Sweden,SWE,2017,63.492893
Sweden,SWE,2018,65.167
Sweden,SWE,2019,64.32772
Sweden,SWE,2020,64.15934
Sweden,SWE,2021,63.985153
Sweden,SWE,2022,66.39826
Sweden,SWE,2023,65.310684
Sweden,SWE,2024,63.71539
Sweden,SWE,2025,63.069542
Switzerland,CHE,1965,17.80892
Switzerland,CHE,1966,19.345165
Switzerland,CHE,1967,19.764803
Switzerland,CHE,1968,18.193987
Switzerland,CHE,1969,17.324257
Switzerland,CHE,1970,17.951815
Switzerland,CHE,1971,16.772556
Switzerland,CHE,1972,17.55118
Switzerland,CHE,1973,20.150002
Switzerland,CHE,1974,23.206999
Switzerland,CHE,1975,26.059244
Switzerland,CHE,1976,23.312231
Switzerland,CHE,1977,26.35501
Switzerland,CHE,1978,25.149126
Switzerland,CHE,1979,28.697113
Switzerland,CHE,1980,31.673895
Switzerland,CHE,1981,34.38653
Switzerland,CHE,1982,35.596302
Switzerland,CHE,1983,33.940994
Switzerland,CHE,1984,35.033882
Switzerland,CHE,1985,38.083706
Switzerland,CHE,1986,36.553112
Switzerland,CHE,1987,38.438038
Switzerland,CHE,1988,38.56901
Switzerland,CHE,1989,37.88921
Switzerland,CHE,1990,36.812656
Switzerland,CHE,1991,36.32434
Switzerland,CHE,1992,36.562893
Switzerland,CHE,1993,38.43033
Switzerland,CHE,1994,39.18504
Switzerland,CHE,1995,39.96493
Switzerland,CHE,1996,37.856777
Switzerland,CHE,1997,38.343945
Switzerland,CHE,1998,38.19723
Switzerland,CHE,1999,39.139843
Switzerland,CHE,2000,40.03332
Switzerland,CHE,2001,39.641895
Switzerland,CHE,2002,39.863335
Switzerland,CHE,2003,40.261288
Switzerland,CHE,2004,39.21856
Switzerland,CHE,2005,36.218273
Switzerland,CHE,2006,39.285385
Switzerland,CHE,2007,41.147636
Switzerland,CHE,2008,40.271015
Switzerland,CHE,2009,40.943787
Switzerland,CHE,2010,39.561893
Switzerland,CHE,2011,41.192707
Switzerland,CHE,2012,40.99975
Switzerland,CHE,2013,40.806263
Switzerland,CHE,2014,44.356743
Switzerland,CHE,2015,41.276466
Switzerland,CHE,2016,40.245903
Switzerland,CHE,2017,39.41115
Switzerland,CHE,2018,43.27059
Switzerland,CHE,2019,43.926228
Switzerland,CHE,2020,45.90687
Switzerland,CHE,2021,43.799213
Switzerland,CHE,2022,43.40933
Switzerland,CHE,2023,45.71229
Switzerland,CHE,2024,48.044304
Switzerland,CHE,2025,43.380768
Taiwan,TWN,1965,3.960372
Taiwan,TWN,1966,3.7922986
Taiwan,TWN,1967,3.4157684
Taiwan,TWN,1968,4.4441433
Taiwan,TWN,1969,3.2834907
Taiwan,TWN,1970,2.8068593
Taiwan,TWN,1971,2.392932
Taiwan,TWN,1972,2.6471586
Taiwan,TWN,1973,2.0957859
Taiwan,TWN,1974,3.0857356
Taiwan,TWN,1975,3.1348186
Taiwan,TWN,1976,2.053671
Taiwan,TWN,1977,1.8783392
Taiwan,TWN,1978,4.8009944
Taiwan,TWN,1979,8.1670065
Taiwan,TWN,1980,8.943415
Taiwan,TWN,1981,12.917404
Taiwan,TWN,1982,13.872455
Taiwan,TWN,1983,17.414177
Taiwan,TWN,1984,21.001905
Taiwan,TWN,1985,23.796371
Taiwan,TWN,1986,20.630312
Taiwan,TWN,1987,22.842716
Taiwan,TWN,1988,18.993088
Taiwan,TWN,1989,16.751122
Taiwan,TWN,1990,18.446983
Taiwan,TWN,1991,18.092182
Taiwan,TWN,1992,16.923775
Taiwan,TWN,1993,15.730305
Taiwan,TWN,1994,15.207698
Taiwan,TWN,1995,14.493488
Taiwan,TWN,1996,14.849467
Taiwan,TWN,1997,13.592547
Taiwan,TWN,1998,13.194556
Taiwan,TWN,1999,12.86168
Taiwan,TWN,2000,12.203889
Taiwan,TWN,2001,11.096362
Taiwan,TWN,2002,11.597395
Taiwan,TWN,2003,10.991174
Taiwan,TWN,2004,10.732311
Taiwan,TWN,2005,10.800793
Taiwan,TWN,2006,10.509198
Taiwan,TWN,2007,10.362561
Taiwan,TWN,2008,10.749667
Taiwan,TWN,2009,11.208474
Taiwan,TWN,2010,10.563597
Taiwan,TWN,2011,10.743521
Taiwan,TWN,2012,10.606558
Taiwan,TWN,2013,10.699796
Taiwan,TWN,2014,10.508538
Taiwan,TWN,2015,9.216112
Taiwan,TWN,2016,8.280145
Taiwan,TWN,2017,6.1757393
Taiwan,TWN,2018,7.348988
Taiwan,TWN,2019,8.772628
Taiwan,TWN,2020,8.839661
Taiwan,TWN,2021,7.721373
Taiwan,TWN,2022,7.6483603
Taiwan,TWN,2023,6.872704
Taiwan,TWN,2024,6.1103783
Taiwan,TWN,2025,4.2551775
Thailand,THA,1965,2.8939428
Thailand,THA,1966,3.083038
Thailand,THA,1967,3.5075812
Thailand,THA,1968,2.7699943
Thailand,THA,1969,1.9218265
Thailand,THA,1970,2.8019764
Thailand,THA,1971,2.9045894
Thailand,THA,1972,1.985177
Thailand,THA,1973,2.038854
Thailand,THA,1974,2.588601
Thailand,THA,1975,3.2851534
Thailand,THA,1976,3.3316004
Thailand,THA,1977,2.68651
Thailand,THA,1978,1.5947002
Thailand,THA,1979,2.3538897
Thailand,THA,1980,0.8910187
Thailand,THA,1981,2.1185687
Thailand,THA,1982,2.6954205
Thailand,THA,1983,2.3299294
Thailand,THA,1984,2.3436556
Thailand,THA,1985,2.0161848
Thailand,THA,1986,2.886423
Thailand,THA,1987,1.8242284
Thailand,THA,1988,1.5068263
Thailand,THA,1989,1.9219302
Thailand,THA,1990,1.447216
Thailand,THA,1991,1.2059107
Thailand,THA,1992,1.0093741
Thailand,THA,1993,0.77657187
Thailand,THA,1994,0.85109335
Thailand,THA,1995,1.1679734
Thailand,THA,1996,1.1514693
Thailand,THA,1997,1.1018797
Thailand,THA,1998,0.90758145
Thailand,THA,1999,0.67404026
Thailand,THA,2000,1.0272136
Thailand,THA,2001,1.0474398
Thailand,THA,2002,1.1583338
Thailand,THA,2003,1.2199243
Thailand,THA,2004,1.1798338
Thailand,THA,2005,1.1638023
Thailand,THA,2006,1.4427373
Thailand,THA,2007,1.59904
Thailand,THA,2008,1.8006057
Thailand,THA,2009,1.9531636
Thailand,THA,2010,2.0031633
Thailand,THA,2011,2.3820584
Thailand,THA,2012,2.6845558
Thailand,THA,2013,2.9523327
Thailand,THA,2014,3.3698833
Thailand,THA,2015,4.818907
Thailand,THA,2016,5.3811197
Thailand,THA,2017,5.968933
Thailand,THA,2018,6.816606
Thailand,THA,2019,7.5320945
Thailand,THA,2020,7.5079465
Thailand,THA,2021,7.8228116
Thailand,THA,2022,7.9878817
Thailand,THA,2023,9.082105
Thailand,THA,2024,8.874108
Thailand,THA,2025,7.82606
Trinidad and Tobago,TTO,1965,0
Trinidad and Tobago,TTO,1966,0
Trinidad and Tobago,TTO,1967,0
Trinidad and Tobago,TTO,1968,0
Trinidad and Tobago,TTO,1969,0
Trinidad and Tobago,TTO,1970,0
Trinidad and Tobago,TTO,1971,0.23488374
Trinidad and Tobago,TTO,1972,0.17040996
Trinidad and Tobago,TTO,1973,0.14235532
Trinidad and Tobago,TTO,1974,0.12740774
Trinidad and Tobago,TTO,1975,0.1454717
Trinidad and Tobago,TTO,1976,0.10687838
Trinidad and Tobago,TTO,1977,0.12435556
Trinidad and Tobago,TTO,1978,0.15572838
Trinidad and Tobago,TTO,1979,0.17625509
Trinidad and Tobago,TTO,1980,0.16432594
Trinidad and Tobago,TTO,1981,0.11372399
Trinidad and Tobago,TTO,1982,0.09173379
Trinidad and Tobago,TTO,1983,0.083573125
Trinidad and Tobago,TTO,1984,0.06888888
Trinidad and Tobago,TTO,1985,0.08716708
Trinidad and Tobago,TTO,1986,0.12822041
Trinidad and Tobago,TTO,1987,0.16194014
Trinidad and Tobago,TTO,1988,0.12834276
Trinidad and Tobago,TTO,1989,0.12562387
Trinidad and Tobago,TTO,1990,0.13498029
Trinidad and Tobago,TTO,1991,0.10918454
Trinidad and Tobago,TTO,1992,0.12378431
Trinidad and Tobago,TTO,1993,0.109605126
Trinidad and Tobago,TTO,1994,0.11820084
Trinidad and Tobago,TTO,1995,0.11240171
Trinidad and Tobago,TTO,1996,0.05110719
Trinidad and Tobago,TTO,1997,0.054127548
Trinidad and Tobago,TTO,1998,0.05332541
Trinidad and Tobago,TTO,1999,0.04797907
Trinidad and Tobago,TTO,2000,0.051364318
Trinidad and Tobago,TTO,2001,0.070028946
Trinidad and Tobago,TTO,2002,0.056736212
Trinidad and Tobago,TTO,2003,0.024722802
Trinidad and Tobago,TTO,2004,0.042578377
Trinidad and Tobago,TTO,2005,0.037073307
Trinidad and Tobago,TTO,2006,0.03774288
Trinidad and Tobago,TTO,2007,0.027493177
Trinidad and Tobago,TTO,2008,0.029414887
Trinidad and Tobago,TTO,2009,0.028415687
Trinidad and Tobago,TTO,2010,0.0018876857
Trinidad and Tobago,TTO,2011,0.0019121
Trinidad and Tobago,TTO,2012,0.002757043
Trinidad and Tobago,TTO,2013,0.0027247882
Trinidad and Tobago,TTO,2014,0.0027217453
Trinidad and Tobago,TTO,2015,0.002822329
Trinidad and Tobago,TTO,2016,0.0031955729
Trinidad and Tobago,TTO,2017,0.0030209133
Trinidad and Tobago,TTO,2018,0.003223757
Trinidad and Tobago,TTO,2019,0.0032045213
Trinidad and Tobago,TTO,2020,0.003694258
Trinidad and Tobago,TTO,2021,0.0036132215
Trinidad and Tobago,TTO,2022,0.0036146368
Trinidad and Tobago,TTO,2023,0.0038160558
Trinidad and Tobago,TTO,2024,0.0043693
Trinidad and Tobago,TTO,2025,0.09748279
Turkey,TUR,1965,2.847904
Turkey,TUR,1966,2.6991374
Turkey,TUR,1967,2.7981877
Turkey,TUR,1968,3.092929
Turkey,TUR,1969,3.0355043
Turkey,TUR,1970,2.512656
Turkey,TUR,1971,1.9720984
Turkey,TUR,1972,2.1324546
Turkey,TUR,1973,1.5963849
Turkey,TUR,1974,1.9613739
Turkey,TUR,1975,2.9582856
Turkey,TUR,1976,3.5913358
Turkey,TUR,1977,3.4035542
Turkey,TUR,1978,3.4003255
Turkey,TUR,1979,4.016536
Turkey,TUR,1980,4.256861
Turkey,TUR,1981,4.6836433
Turkey,TUR,1982,4.707215
Turkey,TUR,1983,3.5723367
Turkey,TUR,1984,4.1157517
Turkey,TUR,1985,3.3386953
Turkey,TUR,1986,3.0943186
Turkey,TUR,1987,4.3277617
Turkey,TUR,1988,6.2886906
Turkey,TUR,1989,3.8441803
Turkey,TUR,1990,4.6359906
Turkey,TUR,1991,4.460994
Turkey,TUR,1992,4.9714365
Turkey,TUR,1993,5.9215717
Turkey,TUR,1994,5.481741
Turkey,TUR,1995,5.7826543
Turkey,TUR,1996,6.0120344
Turkey,TUR,1997,5.667157
Turkey,TUR,1998,5.852878
Turkey,TUR,1999,4.842416
Turkey,TUR,2000,4.003428
Turkey,TUR,2001,3.4567485
Turkey,TUR,2002,4.4230466
Turkey,TUR,2003,4.33275
Turkey,TUR,2004,5.3289056
Turkey,TUR,2005,4.4060664
Turkey,TUR,2006,4.4613986
Turkey,TUR,2007,3.448476
Turkey,TUR,2008,3.2567863
Turkey,TUR,2009,3.7786264
Turkey,TUR,2010,5.381969
Turkey,TUR,2011,5.2532163
Turkey,TUR,2012,5.7238474
Turkey,TUR,2013,6.7071066
Turkey,TUR,2014,5.599853
Turkey,TUR,2015,7.9840937
Turkey,TUR,2016,8.829963
Turkey,TUR,2017,8.69845
Turkey,TUR,2018,10.105553
Turkey,TUR,2019,12.899857
Turkey,TUR,2020,13.374442
Turkey,TUR,2021,12.326405
Turkey,TUR,2022,13.754656
Turkey,TUR,2023,14.024938
Turkey,TUR,2024,14.600173
Turkey,TUR,2025,14.098599
Turkmenistan,TKM,1985,0.0020964623
Turkmenistan,TKM,1986,0.0016844323
Turkmenistan,TKM,1987,0.0016932187
Turkmenistan,TKM,1988,0.0016818298
Turkmenistan,TKM,1989,0.0016367988
Turkmenistan,TKM,1990,0.001911976
Turkmenistan,TKM,1991,0.0021336516
Turkmenistan,TKM,1992,0.0028753069
Turkmenistan,TKM,1993,0.004151021
Turkmenistan,TKM,1994,0.0031079024
Turkmenistan,TKM,1995,0.0037895879
Turkmenistan,TKM,1996,0.0032430019
Turkmenistan,TKM,1997,0.0042111487
Turkmenistan,TKM,1998,0.0041150055
Turkmenistan,TKM,1999,0.0036377965
Turkmenistan,TKM,2000,0.002645722
Turkmenistan,TKM,2001,0.0020650222
Turkmenistan,TKM,2002,0.002449163
Turkmenistan,TKM,2003,0.0017865227
Turkmenistan,TKM,2004,0.0017656415
Turkmenistan,TKM,2005,0.0017563641
Turkmenistan,TKM,2006,0.0017401496
Turkmenistan,TKM,2007,0.0017929152
Turkmenistan,TKM,2008,0.0021755612
Turkmenistan,TKM,2009,0.0013484021
Turkmenistan,TKM,2010,0.0013117902
Turkmenistan,TKM,2011,0.0012901459
Turkmenistan,TKM,2012,0.0013580888
Turkmenistan,TKM,2013,0.001850953
Turkmenistan,TKM,2014,0.002239709
Turkmenistan,TKM,2015,0.0025249552
Turkmenistan,TKM,2016,0.0031283966
Turkmenistan,TKM,2017,0.0031214082
Turkmenistan,TKM,2018,0.002832131
Turkmenistan,TKM,2019,0.002860331
Turkmenistan,TKM,2020,0.002447146
Turkmenistan,TKM,2021,0.0023542405
Turkmenistan,TKM,2022,0.0022161326
Turkmenistan,TKM,2023,0.0023513373
Turkmenistan,TKM,2024,0.0026371805
Turkmenistan,TKM,2025,0.0023634832
USSR,OWID_USS,1965,1.2884549
USSR,OWID_USS,1966,1.3665632
USSR,OWID_USS,1967,1.2622367
USSR,OWID_USS,1968,1.4523697
USSR,OWID_USS,1969,1.5451877
USSR,OWID_USS,1970,1.6069759
USSR,OWID_USS,1971,1.5830839
USSR,OWID_USS,1972,2.3691652
USSR,OWID_USS,1973,1.6615144
USSR,OWID_USS,1974,1.8731471
USSR,OWID_USS,1975,1.9222299
USSR,OWID_USS,1976,2.1877398
USSR,OWID_USS,1977,2.5145097
USSR,OWID_USS,1978,2.6328218
USSR,OWID_USS,1979,2.7485988
USSR,OWID_USS,1980,3.1127017
USSR,OWID_USS,1981,3.365669
USSR,OWID_USS,1982,3.477877
USSR,OWID_USS,1983,3.6874394
USSR,OWID_USS,1984,4.3896813
Ukraine,UKR,1985,6.2184167
Ukraine,UKR,1986,5.038132
Ukraine,UKR,1987,5.7113614
Ukraine,UKR,1988,8.085964
Ukraine,UKR,1989,7.768426
Ukraine,UKR,1990,7.568956
Ukraine,UKR,1991,8.01637
Ukraine,UKR,1992,9.147346
Ukraine,UKR,1993,10.810878
Ukraine,UKR,1994,11.708238
Ukraine,UKR,1995,12.12985
Ukraine,UKR,1996,14.500516
Ukraine,UKR,1997,15.103975
Ukraine,UKR,1998,15.345398
Ukraine,UKR,1999,14.855719
Ukraine,UKR,2000,15.56408
Ukraine,UKR,2001,15.611766
Ukraine,UKR,2002,15.843109
Ukraine,UKR,2003,16.05278
Ukraine,UKR,2004,17.361704
Ukraine,UKR,2005,17.503244
Ukraine,UKR,2006,17.591713
Ukraine,UKR,2007,17.897554
Ukraine,UKR,2008,18.1151
Ukraine,UKR,2009,19.705648
Ukraine,UKR,2010,19.770166
Ukraine,UKR,2011,19.12603
Ukraine,UKR,2012,19.501768
Ukraine,UKR,2013,19.442986
Ukraine,UKR,2014,22.676527
Ukraine,UKR,2015,26.518753
Ukraine,UKR,2016,23.857662
Ukraine,UKR,2017,27.251719
Ukraine,UKR,2018,26.323616
Ukraine,UKR,2019,27.097704
Ukraine,UKR,2020,26.35043
Ukraine,UKR,2021,29.230215
Ukraine,UKR,2022,31.746107
Ukraine,UKR,2023,28.734543
Ukraine,UKR,2024,28.611443
Ukraine,UKR,2025,27.783932
United Arab Emirates,ARE,1965,0
United Arab Emirates,ARE,1966,0
United Arab Emirates,ARE,1967,0
United Arab Emirates,ARE,1968,0
United Arab Emirates,ARE,1969,0
United Arab Emirates,ARE,1970,0
United Arab Emirates,ARE,1971,0
United Arab Emirates,ARE,1972,0
United Arab Emirates,ARE,1973,0
United Arab Emirates,ARE,1974,0
United Arab Emirates,ARE,1975,0
United Arab Emirates,ARE,1976,0
United Arab Emirates,ARE,1977,0
United Arab Emirates,ARE,1978,0
United Arab Emirates,ARE,1979,0
United Arab Emirates,ARE,1980,0
United Arab Emirates,ARE,1981,0
United Arab Emirates,ARE,1982,0
United Arab Emirates,ARE,1983,0
United Arab Emirates,ARE,1984,0
United Arab Emirates,ARE,1985,0
United Arab Emirates,ARE,1986,0
United Arab Emirates,ARE,1987,0
United Arab Emirates,ARE,1988,0
United Arab Emirates,ARE,1989,0
United Arab Emirates,ARE,1990,0
United Arab Emirates,ARE,1991,0
United Arab Emirates,ARE,1992,0
United Arab Emirates,ARE,1993,0
United Arab Emirates,ARE,1994,0
United Arab Emirates,ARE,1995,0
United Arab Emirates,ARE,1996,0
United Arab Emirates,ARE,1997,0
United Arab Emirates,ARE,1998,0
United Arab Emirates,ARE,1999,0
United Arab Emirates,ARE,2000,0
United Arab Emirates,ARE,2001,0
United Arab Emirates,ARE,2002,0
United Arab Emirates,ARE,2003,0
United Arab Emirates,ARE,2004,0
United Arab Emirates,ARE,2005,0
United Arab Emirates,ARE,2006,0
United Arab Emirates,ARE,2007,0
United Arab Emirates,ARE,2008,0
United Arab Emirates,ARE,2009,0.00068650045
United Arab Emirates,ARE,2010,0.0018945787
United Arab Emirates,ARE,2011,0.002027241
United Arab Emirates,ARE,2012,0.0022570486
United Arab Emirates,ARE,2013,0.007679715
United Arab Emirates,ARE,2014,0.027445136
United Arab Emirates,ARE,2015,0.024586651
United Arab Emirates,ARE,2016,0.024901649
United Arab Emirates,ARE,2017,0.061545428
United Arab Emirates,ARE,2018,0.10595591
United Arab Emirates,ARE,2019,0.30134386
United Arab Emirates,ARE,2020,0.8608864
United Arab Emirates,ARE,2021,3.0391147
United Arab Emirates,ARE,2022,5.422266
United Arab Emirates,ARE,2023,8.323561
United Arab Emirates,ARE,2024,9.562136
United Arab Emirates,ARE,2025,9.52508
United Kingdom,GBR,1965,2.1849823
United Kingdom,GBR,1966,2.833113
United Kingdom,GBR,1967,3.246524
United Kingdom,GBR,1968,3.4486964
United Kingdom,GBR,1969,3.663513
United Kingdom,GBR,1970,3.2726471
United Kingdom,GBR,1971,3.4705184
United Kingdom,GBR,1972,3.6380286
United Kingdom,GBR,1973,3.3275197
United Kingdom,GBR,1974,4.1845784
United Kingdom,GBR,1975,4.012899
United Kingdom,GBR,1976,4.684823
United Kingdom,GBR,1977,5.043636
United Kingdom,GBR,1978,4.681577
United Kingdom,GBR,1979,4.6072598
United Kingdom,GBR,1980,4.878961
United Kingdom,GBR,1981,5.16351
United Kingdom,GBR,1982,6.030564
United Kingdom,GBR,1983,6.789641
United Kingdom,GBR,1984,7.325221
United Kingdom,GBR,1985,7.89604
United Kingdom,GBR,1986,7.474104
United Kingdom,GBR,1987,6.9876704
United Kingdom,GBR,1988,7.923955
United Kingdom,GBR,1989,8.910456
United Kingdom,GBR,1990,8.210908
United Kingdom,GBR,1991,8.589716
United Kingdom,GBR,1992,9.451538
United Kingdom,GBR,1993,10.798553
United Kingdom,GBR,1994,10.886031
United Kingdom,GBR,1995,10.9240055
United Kingdom,GBR,1996,11.026146
United Kingdom,GBR,1997,11.705463
United Kingdom,GBR,1998,11.86737
United Kingdom,GBR,1999,11.526325
United Kingdom,GBR,2000,10.328088
United Kingdom,GBR,2001,10.803881
United Kingdom,GBR,2002,10.902492
United Kingdom,GBR,2003,10.897193
United Kingdom,GBR,2004,10.070657
United Kingdom,GBR,2005,10.426433
United Kingdom,GBR,2006,9.975371
United Kingdom,GBR,2007,8.973415
United Kingdom,GBR,2008,8.218452
United Kingdom,GBR,2009,10.650696
United Kingdom,GBR,2010,9.733434
United Kingdom,GBR,2011,11.76919
United Kingdom,GBR,2012,12.113146
United Kingdom,GBR,2013,13.399402
United Kingdom,GBR,2014,14.370712
United Kingdom,GBR,2015,16.533451
United Kingdom,GBR,2016,17.03096
United Kingdom,GBR,2017,17.87761
United Kingdom,GBR,2018,18.319351
United Kingdom,GBR,2019,18.583855
United Kingdom,GBR,2020,20.740376
United Kingdom,GBR,2021,19.221718
United Kingdom,GBR,2022,20.101385
United Kingdom,GBR,2023,20.01601
United Kingdom,GBR,2024,21.074965
United Kingdom,GBR,2025,21.124239
United States,USA,1965,1.7967262
United States,USA,1966,1.7605693
United States,USA,1967,1.9343352
United States,USA,1968,1.9566333
United States,USA,1969,2.0729573
United States,USA,1970,2.123322
United States,USA,1971,2.4806309
United States,USA,1972,2.731613
United States,USA,1973,3.124925
United States,USA,1974,3.8935113
United States,USA,1975,5.0068936
United States,USA,1976,5.003502
United States,USA,1977,5.4740176
United States,USA,1978,6.058381
United States,USA,1979,5.716907
United States,USA,1980,5.9204035
United States,USA,1981,6.3971543
United States,USA,1982,7.0941153
United States,USA,1983,7.5462236
United States,USA,1984,7.797801
United States,USA,1985,8.548939
United States,USA,1986,9.076726
United States,USA,1987,9.245269
United States,USA,1988,9.717904
United States,USA,1989,9.995931
United States,USA,1990,10.959072
United States,USA,1991,11.526238
United States,USA,1992,11.322647
United States,USA,1993,11.180159
United States,USA,1994,11.252419
United States,USA,1995,11.619045
United States,USA,1996,11.439956
United States,USA,1997,10.854801
United States,USA,1998,11.19882
United States,USA,1999,11.672633
United States,USA,2000,11.525055
United States,USA,2001,11.695619
United States,USA,2002,11.99778
United States,USA,2003,11.87049
United States,USA,2004,11.9834385
United States,USA,2005,11.981939
United States,USA,2006,12.406195
United States,USA,2007,12.435697
United States,USA,2008,13.10724
United States,USA,2009,14.009783
United States,USA,2010,13.851703
United States,USA,2011,14.288331
United States,USA,2012,14.343859
United States,USA,2013,14.503037
United States,USA,2014,14.581694
United States,USA,2015,14.824602
United States,USA,2016,15.38652
United States,USA,2017,15.72627
United States,USA,2018,15.271788
United States,USA,2019,15.53403
United States,USA,2020,16.690788
United States,USA,2021,16.02895
United States,USA,2022,16.123604
United States,USA,2023,16.57733
United States,USA,2024,16.941069
United States,USA,2025,16.829163
Upper-middle-income countries,OWID_UMC,1965,1.6064044
Upper-middle-income countries,OWID_UMC,1966,1.6611055
Upper-middle-income countries,OWID_UMC,1967,1.6014662
Upper-middle-income countries,OWID_UMC,1968,1.7812175
Upper-middle-income countries,OWID_UMC,1969,1.800129
Upper-middle-income countries,OWID_UMC,1970,1.8719008
Upper-middle-income countries,OWID_UMC,1971,1.8209149
Upper-middle-income countries,OWID_UMC,1972,2.354721
Upper-middle-income countries,OWID_UMC,1973,1.9493502
Upper-middle-income countries,OWID_UMC,1974,2.181243
Upper-middle-income countries,OWID_UMC,1975,2.2280862
Upper-middle-income countries,OWID_UMC,1976,2.4255595
Upper-middle-income countries,OWID_UMC,1977,2.6225417
Upper-middle-income countries,OWID_UMC,1978,2.6956413
Upper-middle-income countries,OWID_UMC,1979,2.8973708
Upper-middle-income countries,OWID_UMC,1980,3.2633202
Upper-middle-income countries,OWID_UMC,1981,3.5548906
Upper-middle-income countries,OWID_UMC,1982,3.6804307
Upper-middle-income countries,OWID_UMC,1983,3.8958786
Upper-middle-income countries,OWID_UMC,1984,4.431955
Upper-middle-income countries,OWID_UMC,1985,4.5295143
Upper-middle-income countries,OWID_UMC,1986,4.406675
Upper-middle-income countries,OWID_UMC,1987,4.452836
Upper-middle-income countries,OWID_UMC,1988,4.894192
Upper-middle-income countries,OWID_UMC,1989,4.824479
Upper-middle-income countries,OWID_UMC,1990,4.953491
Upper-middle-income countries,OWID_UMC,1991,4.929954
Upper-middle-income countries,OWID_UMC,1992,4.942315
Upper-middle-income countries,OWID_UMC,1993,5.1934757
Upper-middle-income countries,OWID_UMC,1994,5.3606052
Upper-middle-income countries,OWID_UMC,1995,5.6060276
Upper-middle-income countries,OWID_UMC,1996,5.621594
Upper-middle-income countries,OWID_UMC,1997,5.6684937
Upper-middle-income countries,OWID_UMC,1998,5.797121
Upper-middle-income countries,OWID_UMC,1999,5.735294
Upper-middle-income countries,OWID_UMC,2000,5.8201556
Upper-middle-income countries,OWID_UMC,2001,5.791656
Upper-middle-income countries,OWID_UMC,2002,5.785776
Upper-middle-income countries,OWID_UMC,2003,5.579853
Upper-middle-income countries,OWID_UMC,2004,5.4894867
Upper-middle-income countries,OWID_UMC,2005,5.2915697
Upper-middle-income countries,OWID_UMC,2006,5.237546
Upper-middle-income countries,OWID_UMC,2007,5.2482495
Upper-middle-income countries,OWID_UMC,2008,5.7121887
Upper-middle-income countries,OWID_UMC,2009,5.700204
Upper-middle-income countries,OWID_UMC,2010,5.8785453
Upper-middle-income countries,OWID_UMC,2011,5.7337236
Upper-middle-income countries,OWID_UMC,2012,6.074731
Upper-middle-income countries,OWID_UMC,2013,6.3077
Upper-middle-income countries,OWID_UMC,2014,6.812664
Upper-middle-income countries,OWID_UMC,2015,7.3521314
Upper-middle-income countries,OWID_UMC,2016,7.966596
Upper-middle-income countries,OWID_UMC,2017,8.365364
Upper-middle-income countries,OWID_UMC,2018,8.89224
Upper-middle-income countries,OWID_UMC,2019,9.506472
Upper-middle-income countries,OWID_UMC,2020,9.940856
Upper-middle-income countries,OWID_UMC,2021,10.233359
Upper-middle-income countries,OWID_UMC,2022,10.606591
Upper-middle-income countries,OWID_UMC,2023,10.722331
Upper-middle-income countries,OWID_UMC,2024,11.451834
Upper-middle-income countries,OWID_UMC,2025,12.197298
Uzbekistan,UZB,1985,1.1925925
Uzbekistan,UZB,1986,1.0301851
Uzbekistan,UZB,1987,1.4612148
Uzbekistan,UZB,1988,1.5380485
Uzbekistan,UZB,1989,1.1327431
Uzbekistan,UZB,1990,1.3120956
Uzbekistan,UZB,1991,1.2053031
Uzbekistan,UZB,1992,1.3140368
Uzbekistan,UZB,1993,1.486122
Uzbekistan,UZB,1994,1.4543664
Uzbekistan,UZB,1995,1.2506298
Uzbekistan,UZB,1996,1.2810028
Uzbekistan,UZB,1997,1.1419461
Uzbekistan,UZB,1998,1.1342733
Uzbekistan,UZB,1999,0.99645215
Uzbekistan,UZB,2000,1.0131061
Uzbekistan,UZB,2001,1.0357878
Uzbekistan,UZB,2002,1.0418646
Uzbekistan,UZB,2003,1.2929528
Uzbekistan,UZB,2004,1.1859894
Uzbekistan,UZB,2005,1.2657024
Uzbekistan,UZB,2006,1.1532953
Uzbekistan,UZB,2007,1.2046385
Uzbekistan,UZB,2008,0.8637219
Uzbekistan,UZB,2009,1.2730608
Uzbekistan,UZB,2010,1.6220336
Uzbekistan,UZB,2011,1.0736161
Uzbekistan,UZB,2012,1.2447574
Uzbekistan,UZB,2013,1.21827
Uzbekistan,UZB,2014,1.2854543
Uzbekistan,UZB,2015,1.2987571
Uzbekistan,UZB,2016,1.3997595
Uzbekistan,UZB,2017,1.5461717
Uzbekistan,UZB,2018,1.0890099
Uzbekistan,UZB,2019,1.1673843
Uzbekistan,UZB,2020,0.94448453
Uzbekistan,UZB,2021,0.87089896
Uzbekistan,UZB,2022,1.0227708
Uzbekistan,UZB,2023,1.3219953
Uzbekistan,UZB,2024,2.25594
Uzbekistan,UZB,2025,2.8443635
Venezuela,VEN,1965,0.7250842
Venezuela,VEN,1966,0.7319886
Venezuela,VEN,1967,0.8154956
Venezuela,VEN,1968,1.2807899
Venezuela,VEN,1969,1.4759606
Venezuela,VEN,1970,1.8961033
Venezuela,VEN,1971,2.476297
Venezuela,VEN,1972,2.623543
Venezuela,VEN,1973,2.3594303
Venezuela,VEN,1974,2.849787
Venezuela,VEN,1975,3.19568
Venezuela,VEN,1976,3.479722
Venezuela,VEN,1977,3.5979052
Venezuela,VEN,1978,3.537197
Venezuela,VEN,1979,3.7494774
Venezuela,VEN,1980,3.4107492
Venezuela,VEN,1981,3.400074
Venezuela,VEN,1982,3.50079
Venezuela,VEN,1983,4.0534787
Venezuela,VEN,1984,4.4904757
Venezuela,VEN,1985,4.929361
Venezuela,VEN,1986,5.1135097
Venezuela,VEN,1987,6.4195056
Venezuela,VEN,1988,6.890358
Venezuela,VEN,1989,6.9301457
Venezuela,VEN,1990,6.962431
Venezuela,VEN,1991,8.557983
Venezuela,VEN,1992,8.364982
Venezuela,VEN,1993,8.512518
Venezuela,VEN,1994,8.46318
Venezuela,VEN,1995,8.2095375
Venezuela,VEN,1996,8.92268
Venezuela,VEN,1997,8.986279
Venezuela,VEN,1998,9.073115
Venezuela,VEN,1999,9.881609
Venezuela,VEN,2000,9.690884
Venezuela,VEN,2001,8.635912
Venezuela,VEN,2002,8.485392
Venezuela,VEN,2003,9.779053
Venezuela,VEN,2004,10.228698
Venezuela,VEN,2005,10.926193
Venezuela,VEN,2006,10.387973
Venezuela,VEN,2007,10.07813
Venezuela,VEN,2008,10.282134
Venezuela,VEN,2009,10.017453
Venezuela,VEN,2010,9.338925
Venezuela,VEN,2011,9.628378
Venezuela,VEN,2012,8.958184
Venezuela,VEN,2013,9.103613
Venezuela,VEN,2014,9.215878
Venezuela,VEN,2015,8.899926
Venezuela,VEN,2016,8.086654
Venezuela,VEN,2017,9.317737
Venezuela,VEN,2018,10.5040455
Venezuela,VEN,2019,11.3714
Venezuela,VEN,2020,16.200436
Venezuela,VEN,2021,13.78759
Venezuela,VEN,2022,12.949573
Venezuela,VEN,2023,12.65834
Venezuela,VEN,2024,12.840254
Venezuela,VEN,2025,13.019717
Vietnam,VNM,1965,1.1809826
Vietnam,VNM,1966,0.76894826
Vietnam,VNM,1967,0.61341524
Vietnam,VNM,1968,0.66091365
Vietnam,VNM,1969,0.6291257
Vietnam,VNM,1970,0.6706212
Vietnam,VNM,1971,0.77113235
Vietnam,VNM,1972,0.5444557
Vietnam,VNM,1973,0.5131019
Vietnam,VNM,1974,0.69228977
Vietnam,VNM,1975,0.74214613
Vietnam,VNM,1976,1.447635
Vietnam,VNM,1977,1.4580492
Vietnam,VNM,1978,1.8894851
Vietnam,VNM,1979,2.2045898
Vietnam,VNM,1980,2.9041045
Vietnam,VNM,1981,2.9361765
Vietnam,VNM,1982,2.8405766
Vietnam,VNM,1983,2.101067
Vietnam,VNM,1984,2.7564929
Vietnam,VNM,1985,2.5136046
Vietnam,VNM,1986,2.19574
Vietnam,VNM,1987,1.9079144
Vietnam,VNM,1988,2.4975193
Vietnam,VNM,1989,5.9804215
Vietnam,VNM,1990,8.059027
Vietnam,VNM,1991,9.549236
Vietnam,VNM,1992,10.088254
Vietnam,VNM,1993,9.668025
Vietnam,VNM,1994,10.117465
Vietnam,VNM,1995,9.94139
Vietnam,VNM,1996,9.820631
Vietnam,VNM,1997,8.033456
Vietnam,VNM,1998,6.938826
Vietnam,VNM,1999,8.550319
Vietnam,VNM,2000,7.8369045
Vietnam,VNM,2001,8.807407
Vietnam,VNM,2002,7.9178085
Vietnam,VNM,2003,7.615192
Vietnam,VNM,2004,5.4875674
Vietnam,VNM,2005,4.9218698
Vietnam,VNM,2006,6.5784945
Vietnam,VNM,2007,6.8863287
Vietnam,VNM,2008,6.3757367
Vietnam,VNM,2009,7.2894697
Vietnam,VNM,2010,5.870779
Vietnam,VNM,2011,7.884952
Vietnam,VNM,2012,10.207456
Vietnam,VNM,2013,10.558784
Vietnam,VNM,2014,10.183851
Vietnam,VNM,2015,8.229375
Vietnam,VNM,2016,8.65201
Vietnam,VNM,2017,11.265599
Vietnam,VNM,2018,9.334822
Vietnam,VNM,2019,6.952723
Vietnam,VNM,2020,8.1567335
Vietnam,VNM,2021,11.06675
Vietnam,VNM,2022,12.6697445
Vietnam,VNM,2023,10.762721
Vietnam,VNM,2024,10.925512
Vietnam,VNM,2025,11.792042
World,OWID_WRL,1800,0
World,OWID_WRL,1810,0
World,OWID_WRL,1820,0
World,OWID_WRL,1830,0
World,OWID_WRL,1840,0
World,OWID_WRL,1850,0
World,OWID_WRL,1860,0
World,OWID_WRL,1870,0
World,OWID_WRL,1880,0
World,OWID_WRL,1890,0.3507014
World,OWID_WRL,1900,0.28380635
World,OWID_WRL,1910,0.35760728
World,OWID_WRL,1920,0.58081496
World,OWID_WRL,1930,1.0384463
World,OWID_WRL,1940,1.25441
World,OWID_WRL,1950,1.626612
World,OWID_WRL,1960,2.1735015
World,OWID_WRL,1965,2.628234
World,OWID_WRL,1966,2.7068405
World,OWID_WRL,1967,2.701387
World,OWID_WRL,1968,2.7481146
World,OWID_WRL,1969,2.75936
World,OWID_WRL,1970,2.8015103
World,OWID_WRL,1971,2.9621153
World,OWID_WRL,1972,3.1378567
World,OWID_WRL,1973,3.250423
World,OWID_WRL,1974,3.7632697
World,OWID_WRL,1975,4.262834
World,OWID_WRL,1976,4.333434
World,OWID_WRL,1977,4.7200675
World,OWID_WRL,1978,5.0923095
World,OWID_WRL,1979,5.1774855
World,OWID_WRL,1980,5.5697365
World,OWID_WRL,1981,6.2081537
World,OWID_WRL,1982,6.6221957
World,OWID_WRL,1983,7.1670427
World,OWID_WRL,1984,7.8478885
World,OWID_WRL,1985,8.599118
World,OWID_WRL,1986,8.893379
World,OWID_WRL,1987,9.134623
World,OWID_WRL,1988,9.422112
World,OWID_WRL,1989,9.483691
World,OWID_WRL,1990,9.718261
World,OWID_WRL,1991,10.044801
World,OWID_WRL,1992,10.068418
World,OWID_WRL,1993,10.414973
World,OWID_WRL,1994,10.455713
World,OWID_WRL,1995,10.70121
World,OWID_WRL,1996,10.706505
World,OWID_WRL,1997,10.651344
World,OWID_WRL,1998,10.780962
World,OWID_WRL,1999,10.9413185
World,OWID_WRL,2000,10.895682
World,OWID_WRL,2001,10.927239
World,OWID_WRL,2002,10.921833
World,OWID_WRL,2003,10.458685
World,OWID_WRL,2004,10.533156
World,OWID_WRL,2005,10.383054
World,OWID_WRL,2006,10.378285
World,OWID_WRL,2007,10.144835
World,OWID_WRL,2008,10.379945
World,OWID_WRL,2009,10.62804
World,OWID_WRL,2010,10.627928
World,OWID_WRL,2011,10.347263
World,OWID_WRL,2012,10.140882
World,OWID_WRL,2013,10.336891
World,OWID_WRL,2014,10.6432495
World,OWID_WRL,2015,10.874541
World,OWID_WRL,2016,11.147324
World,OWID_WRL,2017,11.28475
World,OWID_WRL,2018,11.525267
World,OWID_WRL,2019,11.966954
World,OWID_WRL,2020,12.611741
World,OWID_WRL,2021,12.58153
World,OWID_WRL,2022,12.584509
World,OWID_WRL,2023,12.857177
World,OWID_WRL,2024,13.350783
World,OWID_WRL,2025,13.761562